id,first_name,last_name,email,section,user_id
1,Catlaina,Cuardall,ccuardall0@miibeian.gov.cn,V02,0156e961-b9d6-447d-8d5f-aac800e346fc
2,Luis,Papaminas,lpapaminas1@google.nl,2,01ee4262-fb05-4e59-b0c5-aabd01331a73
3,Mada,Bowyer,mbowyer2@columbia.edu,V02,029a6e60-77f1-48e6-9211-a9dc016ec549
4,Currie,Gerlack,cgerlack3@chron.com,2,02e461c6-2e9d-49c3-88f2-aacb000aac1c
5,Hildagard,Lush,hlush4@prnewswire.com,2,03d32132-94cf-4056-a40a-aabd010e92d3
6,Leontyne,Byrcher,lbyrcher5@uiuc.edu,H02,040c802f-877a-4652-9280-aa8f00fb8bfb
7,Rowe,Meneyer,rmeneyer6@qq.com,H02,04d4a242-bba7-479f-b06c-ab4e0159436c
8,Brodie,Baudassi,bbaudassi7@who.int,V02,055a5f89-8dee-41a0-ac96-aa9c0020844b
9,Jennie,Jouandet,jjouandet8@hubpages.com,2,06500870-32a1-44a1-9271-aa91008399e8
10,Kristien,Castelot,kcastelot9@nba.com,H02,07d07dd9-f1f0-4f87-9211-a9de0055888e
11,Gusta,Nutty,gnuttya@harvard.edu,V02,085b8676-63d8-442c-bc62-ab530108b0b0
12,Viviene,Honeyghan,vhoneyghanb@dion.ne.jp,V02,086df5f8-2eb8-47fd-949e-aadb014b9ad2
13,Gordon,Lardeur,glardeurc@weebly.com,H02,089594f6-871d-4541-aed7-ab56014e66a3
14,Gawen,Blazek,gblazekd@csmonitor.com,V02,0a4ddc1b-8eb4-4207-acbc-ab4c015dd772
15,Horst,Dumphreys,hdumphreyse@usgs.gov,V02,0b181063-958c-4a2d-ad5f-a9df00fc29e2
16,Betteanne,Tallant,btallantf@dell.com,2,0b417733-28a1-4cdc-bcbe-a9a6016b2e99
17,Darcie,Tiernan,dtiernang@opensource.org,2,0bbf372b-2f6d-4ed3-82fc-aaaf0105e508
18,Juan,Asipenko,jasipenkoh@theatlantic.com,2,0c3d0bb3-cac4-4a52-b3b9-aac00102fc31
19,Jori,Tash,jtashi@exblog.jp,V02,0c4e38b4-4e8d-47be-9b41-aac40054ce38
20,Bellina,Pascho,bpaschoj@harvard.edu,2,0d3386d0-ee64-4381-85e2-ab57000362ed
21,Eva,Tritten,etrittenk@sphinn.com,2,0ef67feb-5079-4e3e-bcf0-a9500129f6dc
22,Anetta,Geockle,ageocklel@scientificamerican.com,H02,1127835f-f633-4163-bd73-a9d800fda860
23,Rubina,Hubbocks,rhubbocksm@prweb.com,H02,11754770-ce30-48f3-b881-ab5a015497c3
24,Giacomo,Scheu,gscheun@goo.gl,2,13a140ee-65d9-4fff-8b4e-a86d017c2fbc
25,Marley,Hurle,mhurleo@weather.com,V02,13ab1049-fa22-49c8-a12a-ab57014ce32a
26,Jeremie,Odam,jodamp@tmall.com,H02,13c9a4ed-dd9c-4494-a126-aae0015bdb59
27,Perry,Cooke,pcookeq@mashable.com,V02,151b7d76-edd4-4dd4-b443-ab4b0167ad69
28,Esteban,Badland,ebadlandr@friendfeed.com,2,15438f5e-5785-49de-9dfb-aaab01014883
29,Gillan,Aleevy,galeevys@photobucket.com,2,158e329d-018e-47d9-9a0b-aab4017c4220
30,Ward,Nardi,wnardit@constantcontact.com,V02,1739a316-d4e5-4003-9a48-aab900101401
31,Melly,Leving,mlevingu@archive.org,H02,1797aae5-5246-44d7-83b5-aa9e007f63f2
32,Tallie,Serrels,tserrelsv@goo.ne.jp,2,18829388-782d-424d-83c8-ab5801217ff8
33,Roxie,Kegley,rkegleyw@disqus.com,V02,1922fd96-64d2-4dcb-9f0a-aac2010aa779
34,Chucho,Georghiou,cgeorghioux@tripod.com,2,19317f81-717a-4feb-a9ff-ab49010b636c
35,Edwina,Mcimmie,emcimmiey@ted.com,2,198fe9ce-dead-4213-8df1-ab5a005a0c9f
36,Olivette,Saipy,osaipyz@irs.gov,2,19ad0aff-f3e1-444e-b09a-ab580144fea3
37,Kala,Brokenshaw,kbrokenshaw10@wordpress.org,V02,1a88f7e3-ad2c-48dd-bc1d-aabf014cd21f
38,Cindee,Hagland,chagland11@is.gd,H02,1b54630c-199e-4de1-aba3-ab57005cc094
39,Torr,Dyerson,tdyerson12@goo.ne.jp,V02,1bdff57e-7946-4915-af2e-aae50142ae13
40,Esther,Kleewein,ekleewein13@slashdot.org,V02,1c7991e6-6662-4b24-9f63-aa9c003e1e6f
41,Gennie,Dobney,gdobney14@goo.gl,H02,1ca70289-d182-43c6-afa0-ab530111bb73
42,Charil,Sambals,csambals15@ebay.co.uk,V02,1df7902c-186f-42bd-b540-aabf01047d79
43,Norina,Bernadzki,nbernadzki16@usnews.com,2,1e6b4a52-e898-4bec-a66b-aae10031ac6c
44,Lia,Lippatt,llippatt17@indiatimes.com,V02,1f6047d0-7dbc-457f-ab79-ab59016c8146
45,Nefen,Pottle,npottle18@mozilla.com,2,1f7e3fdd-aae4-4f4e-9068-a9dd014348dc
46,Maxie,Schimpke,mschimpke19@liveinternet.ru,V02,1f8b9f10-2beb-4e0f-a6e6-aaa800d05682
47,Ania,Ipplett,aipplett1a@geocities.jp,V02,201edcc8-feba-48e6-90b7-ab4c0030412e
48,Brennan,Phillipson,bphillipson1b@guardian.co.uk,2,2036e314-8317-4ecd-ba03-aabf00f635cd
49,Jazmin,St. Aubyn,jstaubyn1c@answers.com,V02,212458d6-ec9b-4c9c-94e8-aabb0113ff4d
50,Gav,Ortiga,gortiga1d@marriott.com,2,21db72bd-6729-4461-9f99-aabd01665d27
51,Free,Bow,fbow1e@amazon.co.jp,2,22440a41-c64b-4958-8684-aa8d001f98cc
52,Wylie,Demke,wdemke1f@businessinsider.com,2,24bd2d1a-f4f1-4710-9e05-ab5800f9d174
53,Felisha,Cawsby,fcawsby1g@statcounter.com,H02,25a6d04d-606b-4fa7-9940-aac30112bfaa
54,Hirsch,Hallybone,hhallybone1h@cargocollective.com,H02,2731b975-3af4-4f48-910c-aacb000a7270
55,Emelyne,Pieter,epieter1i@scientificamerican.com,V02,282884eb-8a1b-40fd-b5a6-ab4c016b6f46
56,Bordy,Doddemeede,bdoddemeede1j@jimdo.com,H02,28b84914-b627-446f-8ef6-aaaf016e1915
57,Samantha,Martinot,smartinot1k@chron.com,2,292ab206-bc3b-42f8-a9a5-ab4600fa57fe
58,Karissa,Hardisty,khardisty1l@google.com,2,2a06b1f6-799c-46f3-8f75-aaf60041229b
59,Skip,Evetts,sevetts1m@mlb.com,2,2b099719-0b6c-46b8-b267-a9d900464527
60,Oriana,Gillingham,ogillingham1n@pinterest.com,H02,2b10baa5-fb8e-4685-96db-a8e100e775ad
61,Raychel,Welburn,rwelburn1o@is.gd,2,2b8a07d3-645b-46c3-bee0-a9e301092c78
62,Miguela,Keasley,mkeasley1p@nih.gov,H02,2b8f5825-349d-488b-923e-ab5301117aaf
63,Gregg,Denekamp,gdenekamp1q@fda.gov,V02,2c1173ac-c8e7-414e-b60c-aabe010680a4
64,Oliviero,Lafuente,olafuente1r@businessinsider.com,2,2c867d9c-1a35-42a7-a35d-cf6b646d647e
65,Nancey,Jaquet,njaquet1s@tinypic.com,V02,2e4982b5-e945-40ee-9d63-ab5a0179f5ff
66,Gris,Libbe,glibbe1t@scribd.com,V02,2e663713-84a5-46dc-a8a4-ab0600f770af
67,Domenico,Tomney,dtomney1u@icio.us,H02,317b21a9-bad4-44ff-98f3-ab50014aa4ac
68,Franklin,Garmons,fgarmons1v@aboutads.info,V02,32b194af-6f3e-4980-ad09-aac8013f2ab7
69,Annette,Burnard,aburnard1w@posterous.com,2,33e62f8e-232e-4385-b49a-ab5a0109e731
70,Mandy,Dundredge,mdundredge1x@zdnet.com,V02,3401f686-1ce8-4119-9e4e-aabd01814016
71,Wallace,Lauthian,wlauthian1y@dagondesign.com,2,34f5f575-b378-4359-96eb-a9dd0124104a
72,Rora,Silbermann,rsilbermann1z@seattletimes.com,V02,353b5302-5682-4ed7-9c45-ab4c00fb9bd5
73,Beckie,Milward,bmilward20@aol.com,2,354e4416-c1e1-4c47-a016-aab50188546d
74,Hashim,Borrie,hborrie21@devhub.com,H02,3568a577-222e-45d9-953b-ab4f015ce9c5
75,Nicolle,Keats,nkeats22@uiuc.edu,H02,364bcb4d-61ac-4783-beac-ab4b00f32bb4
76,Nananne,Pipping,npipping23@rambler.ru,H02,371848fa-2c93-44f4-b07d-ab540127aac4
77,Kain,Del Dello,kdeldello24@jalbum.net,2,387b1d87-62c9-4b0a-b2f4-aaee013e04c8
78,Cash,Hariot,chariot25@alexa.com,H02,38c0d457-bb0e-4ebe-b77f-a9e0012462e1
79,Kellby,Ladds,kladds26@imageshack.us,2,3941b0c7-1cbf-4b3a-8988-aaa40024a068
80,Vi,Shepard,vshepard27@weather.com,V02,39f2f9b2-a756-4ab2-a27c-aace000bd846
81,Linn,Jaxon,ljaxon28@ycombinator.com,V02,39fa95f4-49bd-4572-900f-ab4c0058122c
82,Ario,Rameaux,arameaux29@wufoo.com,2,3a4ebb99-09b2-4382-a0f4-a9dd0115a666
83,Celesta,Jolin,cjolin2a@meetup.com,H02,3a78ba5f-471c-447a-8006-ab54017f9492
84,Cheston,Mattock,cmattock2b@odnoklassniki.ru,2,3a89913a-399d-464e-9131-ab550117c4fd
85,Madeline,Furst,mfurst2c@vimeo.com,H02,3b04b8ac-8740-44f1-8d18-aac201520502
86,Roldan,Arundel,rarundel2d@ask.com,H02,3b2fe17a-ea3e-4660-85f6-aabe0153f63c
87,Issy,Dilrew,idilrew2e@php.net,H02,3b8db93b-864f-4c8a-b640-ab5100482cce
88,Salli,Ferraraccio,sferraraccio2f@illinois.edu,2,3b9b990e-6cef-45e6-9b05-aa8c010d275a
89,Rikki,Langmaid,rlangmaid2g@archive.org,V02,3ba03dd5-fc1c-4cda-a4af-aa9a0046501c
90,Faunie,Creenan,fcreenan2h@miibeian.gov.cn,H02,3c309da2-9556-49cc-8f7a-aab70005645e
91,Jerald,Obert,jobert2i@go.com,H02,3c562abe-8caa-4aca-9901-ab57012bc1f6
92,Lonee,Gemmill,lgemmill2j@npr.org,V02,3cbf846b-785c-43f5-8c1d-aa93007ce774
93,Lucila,O' Hanvey,lohanvey2k@live.com,V02,3cd67b56-44cc-40df-84dc-a9e0000334f9
94,Amabelle,Lovelady,alovelady2l@privacy.gov.au,V02,3d3d6a98-debc-4ec8-ae92-a9570105d019
95,Aloisia,De Miranda,ademiranda2m@technorati.com,2,3df0f4ea-4905-455e-8e70-aac40170cfd9
96,Saul,Bustin,sbustin2n@istockphoto.com,H02,3e9eee49-b72a-400c-b971-ab4b00f0de8e
97,Winthrop,Legier,wlegier2o@mysql.com,V02,3fec558a-104a-4a07-8150-a9dd00228e6c
98,Orville,Kitchen,okitchen2p@examiner.com,2,40ce933b-1885-407d-bdef-ab4c00fe9cbf
99,Rolf,Tatford,rtatford2q@comsenz.com,V02,411b6fa7-dbf2-46c5-8a2a-aac40133d945
100,Skip,Staterfield,sstaterfield2r@nih.gov,H02,41e87789-4c30-49d9-a713-a9db008be036
101,Franny,Banghe,fbanghe2s@t-online.de,V02,423d526e-0eff-49e9-8870-aa9500dc4875
102,Lishe,Bacchus,lbacchus2t@github.com,V02,42cee8db-a23d-45d6-ac17-ab56014ee472
103,Bertine,Gorsse,bgorsse2u@multiply.com,H02,44e06d16-76ef-4f54-acfb-aab201066634
104,Orelle,Dmiterko,odmiterko2v@alibaba.com,H02,461dc651-8c59-4a2b-b2fc-ab540163ab9b
105,Joe,Gilbride,jgilbride2w@vinaora.com,2,46668caa-c6ff-487c-9c1a-aabc01329659
106,Peri,Romaine,promaine2x@gravatar.com,H02,467a8e3d-babe-4922-a61a-aac2002b7470
107,Randi,Tenpenny,rtenpenny2y@plala.or.jp,2,4740b175-7995-433c-b5a9-aad301315bb2
108,Shurlock,Prettyman,sprettyman2z@wiley.com,V02,48e9fcaa-7d71-4664-aa4c-a8e701479e68
109,Hildegarde,Sculley,hsculley30@blinklist.com,V02,4977d69a-4aa1-4acc-8342-aabd00fa20e1
110,Alexis,Spiller,aspiller31@howstuffworks.com,2,49bdafc0-ed90-4f6d-9247-ab4d00520d05
111,Gilbertine,Pates,gpates32@google.com.br,2,49d0f508-c494-4ac2-9d7a-aa0b01525659
112,Electra,Ivashkov,eivashkov33@youtube.com,V02,49dbc69e-ab50-45cb-bea8-ab4900ed67be
113,Herbert,Buxey,hbuxey34@nhs.uk,H02,4a0f3975-071e-4968-8c86-aab2015b2105
114,Cele,Spence,cspence35@ehow.com,V02,4a144442-874b-4a39-8479-ab5a00f81906
115,Vilma,Vasichev,vvasichev36@discovery.com,H02,4ac19faa-9f9d-41b7-ab8e-aac1001e7c71
116,Gwendolyn,Hambers,ghambers37@bloglovin.com,V02,4af4421c-7804-4d85-ad19-ab4f0179d619
117,Annora,Samuel,asamuel38@loc.gov,H02,4b560f36-ec52-4330-80ba-ab60016507fe
118,Boigie,Krugmann,bkrugmann39@youtube.com,V02,4d5021b2-a5e9-4542-b5e0-aa8f0036f2e2
119,Wenda,Joselevitz,wjoselevitz3a@rambler.ru,H02,4d59b942-4b1f-410c-ac86-ab51001855cd
120,Irvin,Bruck,ibruck3b@studiopress.com,V02,4e042fdf-07c6-4f9f-89fe-a95300f73305
121,Carlen,Fyndon,cfyndon3c@usatoday.com,2,4eb746f3-9dd6-4b73-8a4f-ab5a00757c7b
122,Berkeley,Bute,bbute3d@hugedomains.com,H02,5025606f-ae13-4aa6-ad02-ab5a002710c0
123,Jory,Bodega,jbodega3e@nsw.gov.au,V02,504ab1ba-124e-4fdc-a6fd-aab0010a976c
124,Fayth,Bozward,fbozward3f@ifeng.com,H02,50613fd6-685b-4189-96ec-aa700032bce7
125,Jany,Farrow,jfarrow3g@1688.com,2,514b9731-a0fd-4375-8a95-aabe004cb3ea
126,Caryn,Morville,cmorville3h@fc2.com,V02,51eb20ce-a560-4747-8535-aabf00793410
127,Jasmine,Kilty,jkilty3i@dailymotion.com,H02,539d2263-0edb-4774-99e9-ab4b015066e5
128,Gwynne,Hilary,ghilary3j@prnewswire.com,V02,53d4b29c-50c0-4cb4-b4c1-ab58000e0e63
129,Herb,Vallance,hvallance3k@craigslist.org,V02,53f335e4-69f9-463a-9ed8-aa9200e0e11a
130,Riobard,Lynd,rlynd3l@1688.com,2,555d71b7-d3ed-4a63-bcef-ab4d00fbc86d
131,Donnamarie,Girardy,dgirardy3m@phpbb.com,2,55d21002-efe1-4c2e-ae7a-ab180160d325
132,Luciana,Kings,lkings3n@simplemachines.org,H02,570e9924-e205-461a-95a6-ab470155a614
133,Gabbi,Harpur,gharpur3o@bloomberg.com,H02,57c89225-14d2-43b9-a58b-aaa300865cf2
134,Anallise,Ream,aream3p@cbsnews.com,H02,57cd7d3e-e6ef-429f-9878-aa9c015c4534
135,Xylia,Normanell,xnormanell3q@senate.gov,H02,58c312fb-53bb-4f90-827a-aac701034cc0
136,Kylen,Sweedy,ksweedy3r@github.com,2,596a7d24-dd70-4469-835c-aaa3005e3117
137,Laure,Croose,lcroose3s@newyorker.com,2,596f9a03-b115-4bde-890f-aa9c005304c6
138,Abba,Goslin,agoslin3t@so-net.ne.jp,V02,59a90692-018d-4760-9cd9-a993000faf4f
139,Adara,Scholig,ascholig3u@mit.edu,V02,59fe0d31-8d5f-4056-9ab0-aac1000fd762
140,Alameda,Davidavidovics,adavidavidovics3v@mac.com,V02,5a48eac3-742b-44d0-ac56-aa5b0145c180
141,Kaia,Whitney,kwhitney3w@bluehost.com,2,5abb0a75-310a-4e5b-a1ba-aace010f9541
142,Wallie,Oakinfold,woakinfold3x@hc360.com,2,5bdd2e69-2399-407b-b1c0-aac1015f3d86
143,Cully,Baggott,cbaggott3y@usnews.com,2,606bdad4-9e85-44bc-9767-aab70123c435
144,Ola,Finlason,ofinlason3z@woothemes.com,V02,60e4ab9f-bbf7-4d1f-9200-aabc0005bb06
145,Silva,De La Salle,sdelasalle40@mac.com,H02,61730621-966f-4e95-9dea-aad70175f3f0
146,Gene,Bartot,gbartot41@yelp.com,2,621b3af4-fb3b-4ccd-9a57-aabd003864cf
147,Ophelie,Dawidman,odawidman42@sakura.ne.jp,2,625287c4-834e-490d-a407-ab580174fe94
148,Pierson,Wigg,pwigg43@reuters.com,H02,62a71a6d-3edf-44f4-a675-aff57efb710c
149,Laughton,Harold,lharold44@webeden.co.uk,2,645aa887-b2cc-479f-8d50-aaca00201624
150,Drew,Barchrameev,dbarchrameev45@businessinsider.com,H02,6469a4cd-dbe9-4af9-9cce-aac600f6d611
151,Royall,Ellicombe,rellicombe46@constantcontact.com,V02,64878947-f174-435f-a11c-ab4b0169e450
152,Bren,Sinnocke,bsinnocke47@mozilla.com,H02,67414219-396f-4c50-ae0d-a9520164af60
153,Jerrie,Derl,jderl48@moonfruit.com,V02,68225ddb-2e2c-44c8-b434-aacb012ea9b4
154,Edgardo,O'Halligan,eohalligan49@hc360.com,H02,6a0a79cf-4c21-4df4-8cc4-aac1014f3880
155,Chiquia,Petyankin,cpetyankin4a@marketwatch.com,2,6b80c484-b577-4b7b-9a88-ab4c00fdbfd5
156,Brendis,Gallimore,bgallimore4b@qq.com,H02,6bf2b77f-3939-4f2b-8417-aad20159493e
157,Letty,Eastcourt,leastcourt4c@forbes.com,V02,6c52d928-2390-4df4-8ada-a9d901634005
158,Peggy,Banasevich,pbanasevich4d@elpais.com,V02,6cddcc00-85dd-4b3a-b071-a9030101c52a
159,Arleyne,Cain,acain4e@pagesperso-orange.fr,2,6f7e75b2-1287-4336-a2cf-aad9013d43ca
160,Aurore,Corringham,acorringham4f@intel.com,H02,73857e18-9adc-4745-84fd-aacb00401ac1
161,Correy,Mayers,cmayers4g@columbia.edu,2,7426c322-62d2-4507-a626-aafe011492dd
162,Janaye,Jedrzejewsky,jjedrzejewsky4h@blogspot.com,V02,74bd77b0-533f-4dbc-b292-ab5a000fc8cd
163,Elwira,Iwanicki,eiwanicki4i@geocities.com,V02,74be7a4e-d34a-468e-a337-aa97014b9c92
164,Calhoun,Shaw,cshaw4j@joomla.org,V02,76096601-af5d-4ca7-8073-aaca00678a85
165,Kati,Ortes,kortes4k@uiuc.edu,V02,76a25382-70b3-46a2-bcb6-aaa700735cc1
166,Thorny,Skeat,tskeat4l@miibeian.gov.cn,2,777a8229-11a2-471a-aad0-ab54010c13fd
167,Archibald,Cockle,acockle4m@webs.com,V02,79aaac83-e83d-4d60-b20e-ab4c0112feec
168,Mable,Thewys,mthewys4n@prlog.org,2,7b402459-1e4f-41ae-9a81-aa6e003bb3d3
169,Ralina,Martina,rmartina4o@sina.com.cn,H02,7ba29e4a-943e-4ccd-a684-aa9c00bcd6c0
170,Peterus,Souza,psouza4p@cocolog-nifty.com,2,7c6fb041-3443-4b23-a51e-aaef015d7d91
171,Britte,Kundert,bkundert4q@java.com,V02,7de4635e-c9d9-4f79-8475-aac000ec7bb6
172,Fernanda,MacAiline,fmacailine4r@de.vu,V02,7f17a695-c8e1-45f4-8777-a92b001c030e
173,Francklyn,Hattam,fhattam4s@foxnews.com,2,7f2a5f1e-3238-4f4b-8802-ab4d014a2f8b
174,Adel,Reina,areina4t@blogs.com,V02,7f65831b-ecdc-4097-8bec-aaa100aa5ed0
175,Marlowe,Broggetti,mbroggetti4u@sakura.ne.jp,V02,809e3300-4960-48ac-b28f-ab4a01201935
176,Avigdor,Machel,amachel4v@photobucket.com,H02,840871df-0606-470e-b8e3-ab58016e803a
177,Trula,Blowick,tblowick4w@ebay.com,2,84761963-a359-46a9-9046-aacc01791d7a
178,Constantina,Windham,cwindham4x@google.co.uk,2,85941560-7d9f-44c7-90a8-ab4c015bf09c
179,Neal,Pering,npering4y@hp.com,V02,86cdfed1-be6b-47ab-8f9e-ab580015afda
180,Marget,Jopp,mjopp4z@ovh.net,V02,86f06464-32e3-4dfd-b0f9-aa9600c162e9
181,Brennen,MacClay,bmacclay50@apache.org,H02,8a276179-3e7d-46c2-8b23-aabf01510238
182,Bartholomeus,Walbrun,bwalbrun51@weather.com,V02,8aa573f4-cbc4-43ad-8040-ab4d0033685f
183,Beniamino,Rubenfeld,brubenfeld52@discuz.net,H02,8ad52e95-b06d-4656-b14e-aacf004f96a9
184,Baryram,Chatainier,bchatainier53@harvard.edu,2,8b361f88-364f-4804-9903-ab5b015f29bf
185,Tulley,Chaster,tchaster54@hatena.ne.jp,2,8b5abb2b-92d7-41ed-9afc-ab5201850d90
186,Goddard,Lelliott,glelliott55@angelfire.com,V02,8e9a57f1-7619-4a60-8d49-ab4e011f77af
187,Chelsey,Dark,cdark56@etsy.com,V02,8eefa9e2-5770-4b94-8e87-aa6d004d00a7
188,Giustino,McDavitt,gmcdavitt57@state.gov,2,8f18aaa5-8f72-4564-b70b-ab4e015b807e
189,Lynnelle,Slowey,lslowey58@psu.edu,2,90abf1bc-b01f-4654-aa16-ab5200f8e35d
190,Ellynn,Allmann,eallmann59@booking.com,2,94a9cdb8-29b9-4945-a923-aabc002318bd
191,Arnuad,Baskett,abaskett5a@myspace.com,H02,9507468b-2c66-4fde-8bde-aabf01351188
192,Cristy,Zieme,czieme5b@photobucket.com,V02,953b8950-91ac-4041-a0e8-aadf015f541f
193,Max,Buney,mbuney5c@hhs.gov,H02,977d3b03-f2cb-465e-b119-aac20134ddb9
194,Ava,Lisciardelli,alisciardelli5d@icq.com,V02,9c38f4a8-0a6c-43f3-a2d1-aac700fa7e78
195,Wendall,Iddiens,widdiens5e@freewebs.com,V02,9dc5eea9-3626-4656-9852-ab5300fe372f
196,Tally,Pareman,tpareman5f@hugedomains.com,2,9eaae457-eca5-46fb-89eb-aadb0016ea60
197,Dex,Drohun,ddrohun5g@livejournal.com,2,9efaca40-7a10-4ad6-8059-ab450181509c
198,Claudio,Dunlap,cdunlap5h@tripadvisor.com,H02,a12c44f9-8ddf-439a-91e9-aa260124cdbd
199,Valentin,Fairy,vfairy5i@blogtalkradio.com,V02,a2734ba9-51cd-4b28-b199-ab4b0023fa52
200,Bert,Dayly,bdayly5j@freewebs.com,V02,a2a9d953-dd88-4d47-8910-a9e301240096
201,Fawne,Destouche,fdestouche5k@imageshack.us,2,a360c87a-b6a3-4f6e-aa23-ab5300fd3bc4
202,Basia,Stranger,bstranger5l@alexa.com,2,a37cbe4c-bba4-4c6e-a5db-aa9c0118f692
203,Hendrika,McCraw,hmccraw5m@mit.edu,H02,a52a6f8d-a4df-4f1b-a3db-aab50048d9d9
204,Godfree,Bultitude,gbultitude5n@psu.edu,H02,a62a4929-827c-4b77-9576-ab4900f39ab3
205,Nealy,Hutchins,nhutchins5o@time.com,H02,a7d12f42-b074-4013-a0cc-aacb01185495
206,Linzy,Espadas,lespadas5p@google.fr,V02,a86b5377-9e2a-45db-b13e-aa7e002f0536
207,Antoni,O'Dwyer,aodwyer5q@nasa.gov,2,a898b893-2bf6-45ef-b304-ab57016445e1
208,Athene,Stapleton,astapleton5r@phpbb.com,2,a8f619cf-d1d4-44a8-a555-ab5300ddfd5c
209,Bary,Kryszka,bkryszka5s@networkadvertising.org,H02,a9161cb1-d784-43de-b1d5-aa6b018a71f0
210,Ali,Durtnel,adurtnel5t@barnesandnoble.com,V02,a9d7b8ee-67ad-4fa5-a6d5-aa6e00991ae5
211,Dory,Bartomieu,dbartomieu5u@i2i.jp,V02,aa1e8af5-7ca9-4c55-8a57-ab4c01613ef3
212,Eadmund,Elkington,eelkington5v@vimeo.com,H02,abd0aceb-3389-4b82-8d2d-a9dd00014ab3
213,Oralie,Neem,oneem5w@bloglines.com,H02,abeef8e5-6ee7-4abe-b5eb-ab4900f1c423
214,Neel,Dower,ndower5x@google.com.hk,2,ac83d775-058f-42d9-ae19-aaa400bf6855
215,Lammond,Toft,ltoft5y@goodreads.com,V02,ac98f574-d913-4886-892f-ab59012ab95c
216,Pepe,Dawdry,pdawdry5z@sfgate.com,2,ae9efd44-d476-4159-a985-aaaa00ded72e
217,Tobe,Bartoszewicz,tbartoszewicz60@unicef.org,H02,af20ccc5-56cb-44bb-8305-a9d90118aa28
218,Benedict,Awton,bawton61@nifty.com,H02,af9f0384-061d-413c-aab2-aab2015d6670
219,Larisa,Dunstall,ldunstall62@mediafire.com,H02,b0576388-0b76-4b31-982d-aabd013816b0
220,Daphne,Capitano,dcapitano63@netvibes.com,H02,b1301088-379a-4231-b356-a9ad0141a49c
221,Ashla,Tallowin,atallowin64@mozilla.org,2,b17de681-081f-49bf-8c6e-aa6c00ed2e6c
222,Gus,Thorns,gthorns65@intel.com,H02,b2572839-becc-472a-bb40-a9dd01033ebf
223,Dacy,Itzcovich,ditzcovich66@skype.com,2,b257cb95-1e52-4867-af7f-a9a800560fb1
224,Valle,Greenrodd,vgreenrodd67@ihg.com,V02,b30cc985-40bb-494e-a3c0-aade010ae70b
225,Carmelita,Petegrew,cpetegrew68@weather.com,V02,b393395b-6813-4de7-adb1-ab1200729468
226,Phillie,Havoc,phavoc69@cmu.edu,V02,b3fadf87-4a2e-4717-ae76-aac0000133f1
227,Alair,Koubu,akoubu6a@prlog.org,2,b4fa6af9-231e-44f1-af57-aabf001f24b0
228,Lorri,Oxteby,loxteby6b@ebay.com,V02,b573d154-50fc-4910-94b2-aa9e00366fda
229,Federico,Wickes,fwickes6c@nhs.uk,V02,b5d4f6ee-c63e-4e87-a7a4-ab56018ab1f7
230,Zia,Coveney,zcoveney6d@lycos.com,V02,b7f47ade-ae5c-4105-b5e8-ab58013a667c
231,Wade,Bixley,wbixley6e@bbc.co.uk,V02,b8b011aa-5315-4529-983b-ab51002a7f56
232,Dulcinea,Mullord,dmullord6f@artisteer.com,V02,b962c93b-e9e7-4c22-b04f-aaaa00b2fbc2
233,Stearne,Rawlyns,srawlyns6g@yale.edu,V02,b9ade8e0-500a-40b7-b5ab-a9f9013c7f54
234,Heidi,Pyvis,hpyvis6h@pcworld.com,H02,ba0744d8-6bab-4b99-aa12-a9cc012cff56
235,Gaby,Pioch,gpioch6i@webs.com,H02,ba07f106-0cb5-449d-b7e9-a9da015ea291
236,Cammy,Aimson,caimson6j@cnn.com,V02,ba4189ba-34ee-47f2-b077-ab680052b41b
237,Gilberto,Thurman,gthurman6k@ftc.gov,V02,ba43e1ca-c88d-495f-b519-aabb017263ce
238,Jaine,MacMenamie,jmacmenamie6l@mediafire.com,H02,bb1ae720-b607-450a-9314-ab4c0102f197
239,Annabella,Chrisp,achrisp6m@networksolutions.com,H02,bd5c2729-a5ce-4186-a3e2-a94901080e33
240,Raimundo,Tunder,rtunder6n@cpanel.net,2,bd646b22-a5af-437f-a1eb-aa9a00e5ff0b
241,Antonina,Pilkinton,apilkinton6o@sourceforge.net,2,beaf9548-2ed1-4e0f-ad8b-ab4c00fd7a6f
242,Janetta,Maharey,jmaharey6p@hhs.gov,H02,bfc3e5e4-3062-4d99-b664-aab4018565ac
243,Ema,Macourek,emacourek6q@bravesites.com,V02,c106355e-23a4-4de3-8f66-aa920059b740
244,Nickola,Glidden,nglidden6r@shinystat.com,V02,c270f608-9efb-49d9-ae14-aa6200fbf270
245,Carita,Ludovici,cludovici6s@upenn.edu,V02,c323a0ea-1293-4c4a-b358-ab5601707a80
246,Betti,Widocks,bwidocks6t@nba.com,V02,c54fe5ae-a64b-4456-bf68-ab4f01262b2a
247,Orrin,Raatz,oraatz6u@auda.org.au,H02,c55fc033-e678-4c45-b432-ab4d01068182
248,Alanah,Bengle,abengle6v@dion.ne.jp,2,c5c629e7-7c29-4292-80c6-aabd002fb3d8
249,Constantino,Basset,cbasset6w@gnu.org,V02,c6a538c7-01c5-448e-aa45-aac201378b26
250,Benetta,McCurry,bmccurry6x@macromedia.com,V02,c75c598c-a15c-44b9-816e-aadb01402d68
251,Lory,Gwyn,lgwyn6y@github.com,2,c79db444-bb4b-4b10-9f67-aab8014e13d3
252,Lona,Messam,lmessam6z@ifeng.com,2,c7c25172-b8e3-4e1d-a9f6-aa95006bb500
253,Justino,Verrills,jverrills70@google.co.jp,H02,c92822ee-6bcf-40fa-9a77-aabf013c8b5d
254,Timothea,Wink,twink71@europa.eu,V02,c956def9-a4dd-494b-9639-aabf003b0196
255,Thorvald,Wickes,twickes72@alexa.com,2,cb910302-b0ba-45eb-9388-aaaf015d6518
256,Tripp,Blasing,tblasing73@army.mil,V02,ccb26a75-2085-4148-8235-a9de000d79a0
257,Rica,Parks,rparks74@shareasale.com,H02,cdb631bc-7d7e-45b8-ad36-a9540156ed7a
258,Ashby,McElree,amcelree75@yahoo.co.jp,V02,ce46da28-a5f5-4bb7-9038-a9fe004d3e24
259,Cinda,Bearfoot,cbearfoot76@amazon.co.jp,H02,cf0beea2-d451-40d9-ac9e-ab49016cb590
260,Andrey,Scini,ascini77@cloudflare.com,V02,cf1c89c7-4694-49ca-a69c-aaaa00e1dc87
261,Liana,Pfertner,lpfertner78@globo.com,2,cf6a23d5-04ed-42a8-b67a-aab4015fa821
262,Orella,Darcy,odarcy79@techcrunch.com,2,d19fdb5f-4b0f-4165-bbc8-ab4e01675935
263,Opal,Tandy,otandy7a@google.nl,V02,d2715424-6b85-4e57-bfdb-a9dd004ebafc
264,Sax,Antonnikov,santonnikov7b@i2i.jp,V02,d310b49f-2374-477c-9c4e-a8b3011222ac
265,Diannne,Bunyard,dbunyard7c@amazon.de,2,d405cd72-d440-49b4-9ac8-aa690056edfa
266,Janela,Kivelhan,jkivelhan7d@xinhuanet.com,V02,d43e9a96-8a33-4033-8e5c-ab5300fd331a
267,Kirsten,Anthiftle,kanthiftle7e@addthis.com,V02,d50e1a09-c3c4-4c4b-ae9b-a9ec004d5cb2
268,Lyndsay,Caramuscia,lcaramuscia7f@seattletimes.com,2,d6846146-9c40-4fe3-a46f-ab5a003a5c84
269,Bertram,Pollendine,bpollendine7g@meetup.com,V02,d81161b1-59fa-4aff-a27d-ab4b016c57a4
270,Lyman,Alwood,lalwood7h@gmpg.org,V02,d83e440e-0631-4ce9-b18a-aabf0101bcc5
271,Leonelle,Faraker,lfaraker7i@theguardian.com,2,d91b1142-3588-4bb2-90c2-ab54010487b3
272,Lazarus,Gladebeck,lgladebeck7j@squarespace.com,V02,da221c55-2f6e-4eeb-b306-ab4901508787
273,Lorin,Giovannilli,lgiovannilli7k@cbc.ca,V02,daf638c7-8cbd-431b-8162-ab570129b6eb
274,Mitchel,Tansly,mtansly7l@scientificamerican.com,V02,daf783c2-1b77-4511-941b-aabf00d85a38
275,Berti,Albon,balbon7m@nba.com,V02,dc16d1f0-3623-4c77-a670-ab4c0177124e
276,Grant,Sooley,gsooley7n@oracle.com,2,de697681-588c-4db0-b746-ab4e00409c10
277,Trescha,Lemar,tlemar7o@sakura.ne.jp,V02,dee9c42d-e9bd-46de-9957-ab52001152ac
278,Reta,Randal,rrandal7p@arstechnica.com,2,dfb910fd-9312-422b-ac75-ab4f00fdf134
279,Leelah,Imason,limason7q@gnu.org,V02,e02398b3-e505-4ad7-9c22-ab59017c60ff
280,Em,Burford,eburford7r@about.com,H02,e0b58d2e-264f-4dd0-9423-aacf00304388
281,Lanny,Altree,laltree7s@webnode.com,H02,e1a53b68-8595-4810-85e1-aabf002be778
282,Vinni,Cuniffe,vcuniffe7t@slate.com,V02,e2528ef0-b6fe-4cce-af5f-aabd014f1eef
283,Reba,Einchcombe,reinchcombe7u@imdb.com,H02,e582b901-4119-4ebf-982b-aadc01545b7f
284,Vitoria,Thresher,vthresher7v@weather.com,2,e63cbc00-22ca-4c27-b062-ab5400f2a324
285,Trish,Kringe,tkringe7w@hubpages.com,V02,e6b1c4d0-a69a-4629-8118-aa8d001d3cd1
286,Nickey,Randales,nrandales7x@reddit.com,H02,e6b9ed64-2576-4210-a28d-a9dc012de561
287,Ario,Boxe,aboxe7y@unesco.org,H02,e7411b55-a046-48a0-a0e7-aa94010f9137
288,Tymothy,Marchbank,tmarchbank7z@dell.com,H02,e7acc3e4-7964-4e03-9a5d-ab540154574f
289,Clarke,Gillivrie,cgillivrie80@plala.or.jp,2,e81ace08-5e12-4ae5-8f91-aac000fa3956
290,Venus,Wilde,vwilde81@addthis.com,H02,e98ab4a0-4dc9-49e2-a836-aa9e0052ce35
291,Arte,Harrower,aharrower82@slashdot.org,2,e9a62063-6c15-4ee6-b6f9-ab5a002d041f
292,Jephthah,Osorio,josorio83@networksolutions.com,H02,ea3a44c3-a142-4296-91a9-a9e5013d1e7b
293,Aaron,Handes,ahandes84@cnbc.com,2,ead49fc9-24f8-4d12-b067-ab49014b97c3
294,Germain,Lofthouse,glofthouse85@blog.com,H02,eb8067ef-efd7-46e7-ad5c-aabf00802e3d
295,Sara-ann,Nickell,snickell86@creativecommons.org,H02,ec67f2ca-ac0f-48a0-a2ee-ab5e00fa640e
296,Lyndsey,Rosenhaus,lrosenhaus87@dmoz.org,V02,eda71460-429a-436c-9a82-aac300d7613b
297,Stanford,Reed,sreed88@amazon.com,V02,edc8dc78-692a-472e-ba3f-aab601823ab5
298,Rudolf,Broughton,rbroughton89@networkadvertising.org,2,eef88aa0-b600-4add-a56f-ab5000ee194b
299,Elysee,Luchelli,eluchelli8a@lulu.com,V02,f0a0acc0-66bb-44bc-b46a-aac00148fa19
300,Gannie,Dunphy,gdunphy8b@hc360.com,2,f1a50ecb-0764-4126-93f2-aaa3011eafbe
301,Karil,Fencott,kfencott8c@cbsnews.com,H02,f3485448-da63-4910-a71f-aacd014f2b13
302,Patton,Francombe,pfrancombe8d@opera.com,H02,f3885db4-4f6e-417a-95ec-aadc010efe6b
303,Erin,Gorthy,egorthy8e@yolasite.com,H02,f38d4bba-476f-4eaa-bb60-aacc00452053
304,Jeffy,Le Surf,jlesurf8f@ibm.com,H02,f427aa04-69c4-4d2c-b20b-ab4e0136d2dd
305,Bette,Spowage,bspowage8g@csmonitor.com,V02,f5b6bf07-ad77-44ab-9f05-aa9e00979b72
306,Sigismondo,Coppens,scoppens8h@netvibes.com,V02,f5d6e5ab-5322-4104-b45e-aacd00d154a4
307,Wilburt,Ramalhete,wramalhete8i@merriam-webster.com,V02,f7ed65a7-a37c-46e7-ba98-a943012b7f2d
308,Persis,Lowdeane,plowdeane8j@geocities.jp,V02,f87dc02f-8b79-4e0b-b43a-ab51011e5bfb
309,Rickie,Parrish,rparrish8k@themeforest.net,V02,f96b3450-c389-40af-adf9-aab40160eb0c
310,Laryssa,Miskelly,lmiskelly8l@rediff.com,2,f98baa2a-1b19-495b-bc4a-aacf015de28f
311,Imogene,Domingues,idomingues8m@earthlink.net,V02,f9c78fe5-ae52-4056-aab4-ab5300fad366
312,Torr,Buckle,tbuckle8n@home.pl,H02,f9ef96c6-892f-4074-a7a6-a961010ff04e
313,Devland,McIlraith,dmcilraith8o@google.ca,H02,fb601aa6-38fe-4b5f-92b3-ab5201857d44
314,Jeremiah,Redhills,jredhills8p@google.com,H02,fbec84e5-9db7-4920-b653-a9dc01416f77
315,Karoly,Turfitt,kturfitt8q@ning.com,2,fc2291fb-6d4a-4ce5-8ef5-ab54013da4e7
316,Cissy,Witherington,cwitherington8r@godaddy.com,V02,fd2bddfd-55fb-4459-8034-ab4c002b0563
317,Krishna,Le Cornu,klecornu8s@feedburner.com,H02,fe7b0485-a820-4e13-b604-aa9a00d47680
318,Tressa,Allanson,tallanson8t@gnu.org,H02,ffcd4961-afe1-433f-bb1c-ab5b014d5532
319,Issiah,O'Dempsey,iodempsey8u@omniture.com,H02,ffe54e83-e944-4a6b-9ebb-a9dd014aa25d