id,first_name,last_name,email,section
1,Catlaina,Cuardall,ccuardall0@miibeian.gov.cn,V02
2,Luis,Papaminas,lpapaminas1@google.nl,002
3,Mada,Bowyer,mbowyer2@columbia.edu,V02
4,Currie,Gerlack,cgerlack3@chron.com,002
5,Hildagard,Lush,hlush4@prnewswire.com,002
6,Leontyne,Byrcher,lbyrcher5@uiuc.edu,H02
7,Rowe,Meneyer,rmeneyer6@qq.com,H02
8,Brodie,Baudassi,bbaudassi7@who.int,V02
9,Jennie,Jouandet,jjouandet8@hubpages.com,002
10,Kristien,Castelot,kcastelot9@nba.com,H02
11,Gusta,Nutty,gnuttya@harvard.edu,V02
12,Viviene,Honeyghan,vhoneyghanb@dion.ne.jp,V02
13,Gordon,Lardeur,glardeurc@weebly.com,H02
14,Gawen,Blazek,gblazekd@csmonitor.com,V02
15,Horst,Dumphreys,hdumphreyse@usgs.gov,V02
16,Betteanne,Tallant,btallantf@dell.com,002
17,Darcie,Tiernan,dtiernang@opensource.org,002
18,Juan,Asipenko,jasipenkoh@theatlantic.com,002
19,Jori,Tash,jtashi@exblog.jp,V02
20,Bellina,Pascho,bpaschoj@harvard.edu,002
21,Eva,Tritten,etrittenk@sphinn.com,002
22,Anetta,Geockle,ageocklel@scientificamerican.com,H02
23,Rubina,Hubbocks,rhubbocksm@prweb.com,H02
24,Giacomo,Scheu,gscheun@goo.gl,002
25,Marley,Hurle,mhurleo@weather.com,V02
26,Jeremie,Odam,jodamp@tmall.com,H02
27,Perry,Cooke,pcookeq@mashable.com,V02
28,Esteban,Badland,ebadlandr@friendfeed.com,002
29,Gillan,Aleevy,galeevys@photobucket.com,002
30,Ward,Nardi,wnardit@constantcontact.com,V02
31,Melly,Leving,mlevingu@archive.org,H02
32,Tallie,Serrels,tserrelsv@goo.ne.jp,002
33,Roxie,Kegley,rkegleyw@disqus.com,V02
34,Chucho,Georghiou,cgeorghioux@tripod.com,002
35,Edwina,Mcimmie,emcimmiey@ted.com,002
36,Olivette,Saipy,osaipyz@irs.gov,002
37,Kala,Brokenshaw,kbrokenshaw10@wordpress.org,V02
38,Cindee,Hagland,chagland11@is.gd,H02
39,Torr,Dyerson,tdyerson12@goo.ne.jp,V02
40,Esther,Kleewein,ekleewein13@slashdot.org,V02
41,Gennie,Dobney,gdobney14@goo.gl,H02
42,Charil,Sambals,csambals15@ebay.co.uk,V02
43,Norina,Bernadzki,nbernadzki16@usnews.com,002
44,Lia,Lippatt,llippatt17@indiatimes.com,V02
45,Nefen,Pottle,npottle18@mozilla.com,002
46,Maxie,Schimpke,mschimpke19@liveinternet.ru,V02
47,Ania,Ipplett,aipplett1a@geocities.jp,V02
48,Brennan,Phillipson,bphillipson1b@guardian.co.uk,002
49,Jazmin,St. Aubyn,jstaubyn1c@answers.com,V02
50,Gav,Ortiga,gortiga1d@marriott.com,002
51,Free,Bow,fbow1e@amazon.co.jp,002
52,Wylie,Demke,wdemke1f@businessinsider.com,002
53,Felisha,Cawsby,fcawsby1g@statcounter.com,H02
54,Hirsch,Hallybone,hhallybone1h@cargocollective.com,H02
55,Emelyne,Pieter,epieter1i@scientificamerican.com,V02
56,Bordy,Doddemeede,bdoddemeede1j@jimdo.com,H02
57,Samantha,Martinot,smartinot1k@chron.com,002
58,Karissa,Hardisty,khardisty1l@google.com,002
59,Skip,Evetts,sevetts1m@mlb.com,002
60,Oriana,Gillingham,ogillingham1n@pinterest.com,H02
61,Raychel,Welburn,rwelburn1o@is.gd,002
62,Miguela,Keasley,mkeasley1p@nih.gov,H02
63,Gregg,Denekamp,gdenekamp1q@fda.gov,V02
64,Oliviero,Lafuente,olafuente1r@businessinsider.com,002
65,Nancey,Jaquet,njaquet1s@tinypic.com,V02
66,Gris,Libbe,glibbe1t@scribd.com,V02
67,Domenico,Tomney,dtomney1u@icio.us,H02
68,Franklin,Garmons,fgarmons1v@aboutads.info,V02
69,Annette,Burnard,aburnard1w@posterous.com,002
70,Mandy,Dundredge,mdundredge1x@zdnet.com,V02
71,Wallace,Lauthian,wlauthian1y@dagondesign.com,002
72,Rora,Silbermann,rsilbermann1z@seattletimes.com,V02
73,Beckie,Milward,bmilward20@aol.com,002
74,Hashim,Borrie,hborrie21@devhub.com,H02
75,Nicolle,Keats,nkeats22@uiuc.edu,H02
76,Nananne,Pipping,npipping23@rambler.ru,H02
77,Kain,Del Dello,kdeldello24@jalbum.net,002
78,Cash,Hariot,chariot25@alexa.com,H02
79,Kellby,Ladds,kladds26@imageshack.us,002
80,Vi,Shepard,vshepard27@weather.com,V02
81,Linn,Jaxon,ljaxon28@ycombinator.com,V02
82,Ario,Rameaux,arameaux29@wufoo.com,002
83,Celesta,Jolin,cjolin2a@meetup.com,H02
84,Cheston,Mattock,cmattock2b@odnoklassniki.ru,002
85,Madeline,Furst,mfurst2c@vimeo.com,H02
86,Roldan,Arundel,rarundel2d@ask.com,H02
87,Issy,Dilrew,idilrew2e@php.net,H02
88,Salli,Ferraraccio,sferraraccio2f@illinois.edu,002
89,Rikki,Langmaid,rlangmaid2g@archive.org,V02
90,Faunie,Creenan,fcreenan2h@miibeian.gov.cn,H02
91,Jerald,Obert,jobert2i@go.com,H02
92,Lonee,Gemmill,lgemmill2j@npr.org,V02
93,Lucila,O' Hanvey,lohanvey2k@live.com,V02
94,Amabelle,Lovelady,alovelady2l@privacy.gov.au,V02
95,Aloisia,De Miranda,ademiranda2m@technorati.com,002
96,Saul,Bustin,sbustin2n@istockphoto.com,H02
97,Winthrop,Legier,wlegier2o@mysql.com,V02
98,Orville,Kitchen,okitchen2p@examiner.com,002
99,Rolf,Tatford,rtatford2q@comsenz.com,V02
100,Skip,Staterfield,sstaterfield2r@nih.gov,H02
101,Franny,Banghe,fbanghe2s@t-online.de,V02
102,Lishe,Bacchus,lbacchus2t@github.com,V02
103,Bertine,Gorsse,bgorsse2u@multiply.com,H02
104,Orelle,Dmiterko,odmiterko2v@alibaba.com,H02
105,Joe,Gilbride,jgilbride2w@vinaora.com,002
106,Peri,Romaine,promaine2x@gravatar.com,H02
107,Randi,Tenpenny,rtenpenny2y@plala.or.jp,002
108,Shurlock,Prettyman,sprettyman2z@wiley.com,V02
109,Hildegarde,Sculley,hsculley30@blinklist.com,V02
110,Alexis,Spiller,aspiller31@howstuffworks.com,002
111,Gilbertine,Pates,gpates32@google.com.br,002
112,Electra,Ivashkov,eivashkov33@youtube.com,V02
113,Herbert,Buxey,hbuxey34@nhs.uk,H02
114,Cele,Spence,cspence35@ehow.com,V02
115,Vilma,Vasichev,vvasichev36@discovery.com,H02
116,Gwendolyn,Hambers,ghambers37@bloglovin.com,V02
117,Annora,Samuel,asamuel38@loc.gov,H02
118,Boigie,Krugmann,bkrugmann39@youtube.com,V02
119,Wenda,Joselevitz,wjoselevitz3a@rambler.ru,H02
120,Irvin,Bruck,ibruck3b@studiopress.com,V02
121,Carlen,Fyndon,cfyndon3c@usatoday.com,002
122,Berkeley,Bute,bbute3d@hugedomains.com,H02
123,Jory,Bodega,jbodega3e@nsw.gov.au,V02
124,Fayth,Bozward,fbozward3f@ifeng.com,H02
125,Jany,Farrow,jfarrow3g@1688.com,002
126,Caryn,Morville,cmorville3h@fc2.com,V02
127,Jasmine,Kilty,jkilty3i@dailymotion.com,H02
128,Gwynne,Hilary,ghilary3j@prnewswire.com,V02
129,Herb,Vallance,hvallance3k@craigslist.org,V02
130,Riobard,Lynd,rlynd3l@1688.com,002
131,Donnamarie,Girardy,dgirardy3m@phpbb.com,002
132,Luciana,Kings,lkings3n@simplemachines.org,H02
133,Gabbi,Harpur,gharpur3o@bloomberg.com,H02
134,Anallise,Ream,aream3p@cbsnews.com,H02
135,Xylia,Normanell,xnormanell3q@senate.gov,H02
136,Kylen,Sweedy,ksweedy3r@github.com,002
137,Laure,Croose,lcroose3s@newyorker.com,002
138,Abba,Goslin,agoslin3t@so-net.ne.jp,V02
139,Adara,Scholig,ascholig3u@mit.edu,V02
140,Alameda,Davidavidovics,adavidavidovics3v@mac.com,V02
141,Kaia,Whitney,kwhitney3w@bluehost.com,002
142,Wallie,Oakinfold,woakinfold3x@hc360.com,002
143,Cully,Baggott,cbaggott3y@usnews.com,002
144,Ola,Finlason,ofinlason3z@woothemes.com,V02
145,Silva,De La Salle,sdelasalle40@mac.com,H02
146,Gene,Bartot,gbartot41@yelp.com,002
147,Ophelie,Dawidman,odawidman42@sakura.ne.jp,002
148,Pierson,Wigg,pwigg43@reuters.com,H02
149,Laughton,Harold,lharold44@webeden.co.uk,002
150,Drew,Barchrameev,dbarchrameev45@businessinsider.com,H02
151,Royall,Ellicombe,rellicombe46@constantcontact.com,V02
152,Bren,Sinnocke,bsinnocke47@mozilla.com,H02
153,Jerrie,Derl,jderl48@moonfruit.com,V02
154,Edgardo,O'Halligan,eohalligan49@hc360.com,H02
155,Chiquia,Petyankin,cpetyankin4a@marketwatch.com,002
156,Brendis,Gallimore,bgallimore4b@qq.com,H02
157,Letty,Eastcourt,leastcourt4c@forbes.com,V02
158,Peggy,Banasevich,pbanasevich4d@elpais.com,V02
159,Arleyne,Cain,acain4e@pagesperso-orange.fr,002
160,Aurore,Corringham,acorringham4f@intel.com,H02
161,Correy,Mayers,cmayers4g@columbia.edu,002
162,Janaye,Jedrzejewsky,jjedrzejewsky4h@blogspot.com,V02
163,Elwira,Iwanicki,eiwanicki4i@geocities.com,V02
164,Calhoun,Shaw,cshaw4j@joomla.org,V02
165,Kati,Ortes,kortes4k@uiuc.edu,V02
166,Thorny,Skeat,tskeat4l@miibeian.gov.cn,002
167,Archibald,Cockle,acockle4m@webs.com,V02
168,Mable,Thewys,mthewys4n@prlog.org,002
169,Ralina,Martina,rmartina4o@sina.com.cn,H02
170,Peterus,Souza,psouza4p@cocolog-nifty.com,002
171,Britte,Kundert,bkundert4q@java.com,V02
172,Fernanda,MacAiline,fmacailine4r@de.vu,V02
173,Francklyn,Hattam,fhattam4s@foxnews.com,002
174,Adel,Reina,areina4t@blogs.com,V02
175,Marlowe,Broggetti,mbroggetti4u@sakura.ne.jp,V02
176,Avigdor,Machel,amachel4v@photobucket.com,H02
177,Trula,Blowick,tblowick4w@ebay.com,002
178,Constantina,Windham,cwindham4x@google.co.uk,002
179,Neal,Pering,npering4y@hp.com,V02
180,Marget,Jopp,mjopp4z@ovh.net,V02
181,Brennen,MacClay,bmacclay50@apache.org,H02
182,Bartholomeus,Walbrun,bwalbrun51@weather.com,V02
183,Beniamino,Rubenfeld,brubenfeld52@discuz.net,H02
184,Baryram,Chatainier,bchatainier53@harvard.edu,002
185,Tulley,Chaster,tchaster54@hatena.ne.jp,002
186,Goddard,Lelliott,glelliott55@angelfire.com,V02
187,Chelsey,Dark,cdark56@etsy.com,V02
188,Giustino,McDavitt,gmcdavitt57@state.gov,002
189,Lynnelle,Slowey,lslowey58@psu.edu,002
190,Ellynn,Allmann,eallmann59@booking.com,002
191,Arnuad,Baskett,abaskett5a@myspace.com,H02
192,Cristy,Zieme,czieme5b@photobucket.com,V02
193,Max,Buney,mbuney5c@hhs.gov,H02
194,Ava,Lisciardelli,alisciardelli5d@icq.com,V02
195,Wendall,Iddiens,widdiens5e@freewebs.com,V02
196,Tally,Pareman,tpareman5f@hugedomains.com,002
197,Dex,Drohun,ddrohun5g@livejournal.com,002
198,Claudio,Dunlap,cdunlap5h@tripadvisor.com,H02
199,Valentin,Fairy,vfairy5i@blogtalkradio.com,V02
200,Bert,Dayly,bdayly5j@freewebs.com,V02
201,Fawne,Destouche,fdestouche5k@imageshack.us,002
202,Basia,Stranger,bstranger5l@alexa.com,002
203,Hendrika,McCraw,hmccraw5m@mit.edu,H02
204,Godfree,Bultitude,gbultitude5n@psu.edu,H02
205,Nealy,Hutchins,nhutchins5o@time.com,H02
206,Linzy,Espadas,lespadas5p@google.fr,V02
207,Antoni,O'Dwyer,aodwyer5q@nasa.gov,002
208,Athene,Stapleton,astapleton5r@phpbb.com,002
209,Bary,Kryszka,bkryszka5s@networkadvertising.org,H02
210,Ali,Durtnel,adurtnel5t@barnesandnoble.com,V02
211,Dory,Bartomieu,dbartomieu5u@i2i.jp,V02
212,Eadmund,Elkington,eelkington5v@vimeo.com,H02
213,Oralie,Neem,oneem5w@bloglines.com,H02
214,Neel,Dower,ndower5x@google.com.hk,002
215,Lammond,Toft,ltoft5y@goodreads.com,V02
216,Pepe,Dawdry,pdawdry5z@sfgate.com,002
217,Tobe,Bartoszewicz,tbartoszewicz60@unicef.org,H02
218,Benedict,Awton,bawton61@nifty.com,H02
219,Larisa,Dunstall,ldunstall62@mediafire.com,H02
220,Daphne,Capitano,dcapitano63@netvibes.com,H02
221,Ashla,Tallowin,atallowin64@mozilla.org,002
222,Gus,Thorns,gthorns65@intel.com,H02
223,Dacy,Itzcovich,ditzcovich66@skype.com,002
224,Valle,Greenrodd,vgreenrodd67@ihg.com,V02
225,Carmelita,Petegrew,cpetegrew68@weather.com,V02
226,Phillie,Havoc,phavoc69@cmu.edu,V02
227,Alair,Koubu,akoubu6a@prlog.org,002
228,Lorri,Oxteby,loxteby6b@ebay.com,V02
229,Federico,Wickes,fwickes6c@nhs.uk,V02
230,Zia,Coveney,zcoveney6d@lycos.com,V02
231,Wade,Bixley,wbixley6e@bbc.co.uk,V02
232,Dulcinea,Mullord,dmullord6f@artisteer.com,V02
233,Stearne,Rawlyns,srawlyns6g@yale.edu,V02
234,Heidi,Pyvis,hpyvis6h@pcworld.com,H02
235,Gaby,Pioch,gpioch6i@webs.com,H02
236,Cammy,Aimson,caimson6j@cnn.com,V02
237,Gilberto,Thurman,gthurman6k@ftc.gov,V02
238,Jaine,MacMenamie,jmacmenamie6l@mediafire.com,H02
239,Annabella,Chrisp,achrisp6m@networksolutions.com,H02
240,Raimundo,Tunder,rtunder6n@cpanel.net,002
241,Antonina,Pilkinton,apilkinton6o@sourceforge.net,002
242,Janetta,Maharey,jmaharey6p@hhs.gov,H02
243,Ema,Macourek,emacourek6q@bravesites.com,V02
244,Nickola,Glidden,nglidden6r@shinystat.com,V02
245,Carita,Ludovici,cludovici6s@upenn.edu,V02
246,Betti,Widocks,bwidocks6t@nba.com,V02
247,Orrin,Raatz,oraatz6u@auda.org.au,H02
248,Alanah,Bengle,abengle6v@dion.ne.jp,002
249,Constantino,Basset,cbasset6w@gnu.org,V02
250,Benetta,McCurry,bmccurry6x@macromedia.com,V02
251,Lory,Gwyn,lgwyn6y@github.com,002
252,Lona,Messam,lmessam6z@ifeng.com,002
253,Justino,Verrills,jverrills70@google.co.jp,H02
254,Timothea,Wink,twink71@europa.eu,V02
255,Thorvald,Wickes,twickes72@alexa.com,002
256,Tripp,Blasing,tblasing73@army.mil,V02
257,Rica,Parks,rparks74@shareasale.com,H02
258,Ashby,McElree,amcelree75@yahoo.co.jp,V02
259,Cinda,Bearfoot,cbearfoot76@amazon.co.jp,H02
260,Andrey,Scini,ascini77@cloudflare.com,V02
261,Liana,Pfertner,lpfertner78@globo.com,002
262,Orella,Darcy,odarcy79@techcrunch.com,002
263,Opal,Tandy,otandy7a@google.nl,V02
264,Sax,Antonnikov,santonnikov7b@i2i.jp,V02
265,Diannne,Bunyard,dbunyard7c@amazon.de,002
266,Janela,Kivelhan,jkivelhan7d@xinhuanet.com,V02
267,Kirsten,Anthiftle,kanthiftle7e@addthis.com,V02
268,Lyndsay,Caramuscia,lcaramuscia7f@seattletimes.com,002
269,Bertram,Pollendine,bpollendine7g@meetup.com,V02
270,Lyman,Alwood,lalwood7h@gmpg.org,V02
271,Leonelle,Faraker,lfaraker7i@theguardian.com,002
272,Lazarus,Gladebeck,lgladebeck7j@squarespace.com,V02
273,Lorin,Giovannilli,lgiovannilli7k@cbc.ca,V02
274,Mitchel,Tansly,mtansly7l@scientificamerican.com,V02
275,Berti,Albon,balbon7m@nba.com,V02
276,Grant,Sooley,gsooley7n@oracle.com,002
277,Trescha,Lemar,tlemar7o@sakura.ne.jp,V02
278,Reta,Randal,rrandal7p@arstechnica.com,002
279,Leelah,Imason,limason7q@gnu.org,V02
280,Em,Burford,eburford7r@about.com,H02
281,Lanny,Altree,laltree7s@webnode.com,H02
282,Vinni,Cuniffe,vcuniffe7t@slate.com,V02
283,Reba,Einchcombe,reinchcombe7u@imdb.com,H02
284,Vitoria,Thresher,vthresher7v@weather.com,002
285,Trish,Kringe,tkringe7w@hubpages.com,V02
286,Nickey,Randales,nrandales7x@reddit.com,H02
287,Ario,Boxe,aboxe7y@unesco.org,H02
288,Tymothy,Marchbank,tmarchbank7z@dell.com,H02
289,Clarke,Gillivrie,cgillivrie80@plala.or.jp,002
290,Venus,Wilde,vwilde81@addthis.com,H02
291,Arte,Harrower,aharrower82@slashdot.org,002
292,Jephthah,Osorio,josorio83@networksolutions.com,H02
293,Aaron,Handes,ahandes84@cnbc.com,002
294,Germain,Lofthouse,glofthouse85@blog.com,H02
295,Sara-ann,Nickell,snickell86@creativecommons.org,H02
296,Lyndsey,Rosenhaus,lrosenhaus87@dmoz.org,V02
297,Stanford,Reed,sreed88@amazon.com,V02
298,Rudolf,Broughton,rbroughton89@networkadvertising.org,002
299,Elysee,Luchelli,eluchelli8a@lulu.com,V02
300,Gannie,Dunphy,gdunphy8b@hc360.com,002
301,Karil,Fencott,kfencott8c@cbsnews.com,H02
302,Patton,Francombe,pfrancombe8d@opera.com,H02
303,Erin,Gorthy,egorthy8e@yolasite.com,H02
304,Jeffy,Le Surf,jlesurf8f@ibm.com,H02
305,Bette,Spowage,bspowage8g@csmonitor.com,V02
306,Sigismondo,Coppens,scoppens8h@netvibes.com,V02
307,Wilburt,Ramalhete,wramalhete8i@merriam-webster.com,V02
308,Persis,Lowdeane,plowdeane8j@geocities.jp,V02
309,Rickie,Parrish,rparrish8k@themeforest.net,V02
310,Laryssa,Miskelly,lmiskelly8l@rediff.com,002
311,Imogene,Domingues,idomingues8m@earthlink.net,V02
312,Torr,Buckle,tbuckle8n@home.pl,H02
313,Devland,McIlraith,dmcilraith8o@google.ca,H02
314,Jeremiah,Redhills,jredhills8p@google.com,H02
315,Karoly,Turfitt,kturfitt8q@ning.com,002
316,Cissy,Witherington,cwitherington8r@godaddy.com,V02
317,Krishna,Le Cornu,klecornu8s@feedburner.com,H02
318,Tressa,Allanson,tallanson8t@gnu.org,H02
319,Issiah,O'Dempsey,iodempsey8u@omniture.com,H02
320,August,Benza,abenza8v@google.ca,H02
321,Yul,Pennaman,ypennaman8w@mac.com,002
322,Garvey,Gentsch,ggentsch8x@feedburner.com,H02
323,Helenka,Brastead,hbrastead8y@123-reg.co.uk,V02
324,Beniamino,Maasz,bmaasz8z@uol.com.br,H02
325,Vivianne,Weatherall,vweatherall90@mediafire.com,002
326,Arabele,Cardnell,acardnell91@netlog.com,002
327,Bernardine,Thaxton,bthaxton92@biblegateway.com,V02
328,Ardene,Shrimpling,ashrimpling93@msn.com,V02
329,Teddy,Rubra,trubra94@mlb.com,002
330,Lia,Harler,lharler95@uiuc.edu,H02
331,Joshua,MacGinlay,jmacginlay96@biblegateway.com,002
332,Lilly,Endricci,lendricci97@is.gd,V02
333,Sandi,Gripton,sgripton98@time.com,002
334,Jacquie,Roselli,jroselli99@cbslocal.com,002
335,Justino,Clitsome,jclitsome9a@google.com.au,H02
336,Enriqueta,Strattan,estrattan9b@skype.com,002
337,Gretal,Dohr,gdohr9c@stanford.edu,V02
338,Jerome,Noraway,jnoraway9d@princeton.edu,H02
339,Cross,Braunes,cbraunes9e@ameblo.jp,H02
340,Nessie,Arenson,narenson9f@imdb.com,V02
341,Elisabetta,Boyton,eboyton9g@unesco.org,H02
342,Marnie,Vequaud,mvequaud9h@google.com.hk,H02
343,Janifer,Gilks,jgilks9i@bluehost.com,V02
344,Kristan,Williamson,kwilliamson9j@merriam-webster.com,002
345,Quentin,Nerger,qnerger9k@amazonaws.com,002
346,Marietta,Sherwen,msherwen9l@freewebs.com,H02
347,Jephthah,Giottoi,jgiottoi9m@com.com,002
348,Weider,Chitter,wchitter9n@sogou.com,H02
349,Eberhard,Daniels,edaniels9o@umich.edu,002
350,Quinton,Girardet,qgirardet9p@cmu.edu,V02
351,Carola,Gridley,cgridley9q@foxnews.com,H02
352,Ellary,Yakuntzov,eyakuntzov9r@ovh.net,H02
353,Cherice,Neathway,cneathway9s@cargocollective.com,002
354,Pam,Lintall,plintall9t@bluehost.com,V02
355,Collete,Cowan,ccowan9u@netlog.com,002
356,Rodie,Lanktree,rlanktree9v@eventbrite.com,H02
357,Wenona,Mabbs,wmabbs9w@xrea.com,H02
358,Lilian,Pleass,lpleass9x@sohu.com,002
359,Jeannine,Godmar,jgodmar9y@twitter.com,002
360,Gretal,Swire,gswire9z@liveinternet.ru,002
361,Enrika,Reaman,ereamana0@sogou.com,H02
362,Aundrea,Pedwell,apedwella1@usa.gov,V02
363,Emilio,Fotitt,efotitta2@booking.com,H02
364,Felice,Canedo,fcanedoa3@woothemes.com,002
365,Camey,Alfonsini,calfonsinia4@house.gov,H02
366,Angela,Barnett,abarnetta5@opensource.org,V02
367,Kelwin,Obern,koberna6@google.com.au,H02
368,Michel,Daud,mdauda7@shutterfly.com,002
369,Boyd,Wakeley,bwakeleya8@360.cn,H02
370,Malissia,Blissett,mblissetta9@admin.ch,002
371,Doug,Rubra,drubraaa@google.co.jp,002
372,Lana,Fridaye,lfridayeab@clickbank.net,H02
373,Alysa,Berka,aberkaac@nationalgeographic.com,H02
374,Margette,Hurdidge,mhurdidgead@sphinn.com,002
375,Bobbette,Edgerton,bedgertonae@cargocollective.com,V02
376,Ellissa,Jollye,ejollyeaf@yellowbook.com,002
377,Abie,Halksworth,ahalksworthag@tamu.edu,H02
378,Harald,Rolingson,hrolingsonah@amazonaws.com,H02
379,Ruthe,Sneyd,rsneydai@vimeo.com,V02
380,Barry,Urey,bureyaj@cpanel.net,002
381,Jaynell,Bibey,jbibeyak@blogger.com,002
382,Kelsey,Corneil,kcorneilal@blogger.com,H02
383,Arlin,Blackey,ablackeyam@scientificamerican.com,V02
384,Boigie,Blaxland,bblaxlandan@typepad.com,H02
385,Filberte,Eble,febleao@un.org,V02
386,Jayme,Raeburn,jraeburnap@smh.com.au,002
387,Sascha,Stiddard,sstiddardaq@imgur.com,002
388,Jacques,Kinnerk,jkinnerkar@rakuten.co.jp,H02
389,Guinna,Daskiewicz,gdaskiewiczas@wikipedia.org,002
390,Eve,Kernermann,ekernermannat@huffingtonpost.com,002
391,Manny,Leroy,mleroyau@webs.com,H02
392,Glory,Probetts,gprobettsav@oaic.gov.au,H02
393,Zonnya,Neenan,zneenanaw@comcast.net,H02
394,Sidnee,Klaves,sklavesax@ameblo.jp,002
395,Stefa,Coggan,scogganay@usatoday.com,002
396,Donalt,Pointin,dpointinaz@army.mil,002
397,Lin,Carefull,lcarefullb0@theguardian.com,H02
398,Jarrad,Tipper,jtipperb1@japanpost.jp,H02
399,Michele,Grcic,mgrcicb2@baidu.com,H02
400,Andrew,Temperton,atempertonb3@gnu.org,V02
401,Andres,Bloxsome,abloxsomeb4@wikimedia.org,H02
402,Lizzie,Duggon,lduggonb5@networksolutions.com,H02
403,Nonna,Griniov,ngriniovb6@163.com,V02
404,Nancey,Hagston,nhagstonb7@state.tx.us,V02
405,Jeffy,Allitt,jallittb8@europa.eu,H02
406,Aubree,Balmer,abalmerb9@w3.org,002
407,Christalle,Lambird,clambirdba@wired.com,002
408,Elsey,Ibanez,eibanezbb@telegraph.co.uk,H02
409,Winthrop,Gebbe,wgebbebc@cbslocal.com,H02
410,Carolyne,Severy,cseverybd@furl.net,002
411,Beret,Brigstock,bbrigstockbe@blogs.com,V02
412,Andris,Queyeiro,aqueyeirobf@comcast.net,002
413,Becky,Balderston,bbalderstonbg@cdc.gov,002
414,Milly,Portugal,mportugalbh@ebay.co.uk,H02
415,Hayes,Borges,hborgesbi@ebay.com,002
416,Colline,Gasperi,cgasperibj@wired.com,V02
417,Nanni,Bruhnicke,nbruhnickebk@bravesites.com,V02
418,Darice,Feavyour,dfeavyourbl@seattletimes.com,002
419,Antonietta,Jerrard,ajerrardbm@ftc.gov,H02
420,Gian,Maryin,gmaryinbn@shop-pro.jp,H02
421,Ludvig,Crawshay,lcrawshaybo@blogger.com,H02
422,Mellicent,Govett,mgovettbp@flickr.com,V02
423,Sheffy,Bastiman,sbastimanbq@ftc.gov,002
424,Janeen,Shapero,jshaperobr@people.com.cn,V02
425,Ciel,Croote,ccrootebs@utexas.edu,002
426,Benny,Veljes,bveljesbt@vinaora.com,002
427,Katha,Hatton,khattonbu@weebly.com,V02
428,Aldis,Burdoun,aburdounbv@miitbeian.gov.cn,V02
429,Garwin,Tallquist,gtallquistbw@ycombinator.com,H02
430,Eula,Lincoln,elincolnbx@virginia.edu,V02
431,Nikkie,Gayden,ngaydenby@wired.com,002
432,Stefanie,Matthias,smatthiasbz@joomla.org,002
433,Roscoe,Yellop,ryellopc0@bandcamp.com,002
434,Paul,Tallyn,ptallync1@comcast.net,V02
435,Cassaundra,Billett,cbillettc2@hp.com,V02
436,Jakie,Bucknell,jbucknellc3@imageshack.us,H02
437,Florinda,Foxten,ffoxtenc4@ifeng.com,V02
438,Row,Feaks,rfeaksc5@craigslist.org,002
439,Virginia,Joynes,vjoynesc6@vkontakte.ru,H02
440,Zed,Draisey,zdraiseyc7@wordpress.com,002
441,Clemence,Fowell,cfowellc8@edublogs.org,V02
442,Marcile,Matushevich,mmatushevichc9@webmd.com,002
443,Boyd,Burfoot,bburfootca@surveymonkey.com,V02
444,Abba,Ellens,aellenscb@bloglines.com,H02
445,Dody,Dovidian,ddovidiancc@dot.gov,V02
446,Xever,Billes,xbillescd@mac.com,002
447,Tori,Dashwood,tdashwoodce@slashdot.org,H02
448,Lira,Hurrell,lhurrellcf@woothemes.com,002
449,Lucina,Ducker,lduckercg@guardian.co.uk,V02
450,Berny,Pennells,bpennellsch@state.gov,V02
451,Tyson,Scrane,tscraneci@ning.com,002
452,Jacqui,Anear,janearcj@cpanel.net,002
453,Brigitta,Feedham,bfeedhamck@youtube.com,002
454,Merrielle,Anton,mantoncl@hud.gov,H02
455,Rowena,Cane,rcanecm@digg.com,V02
456,Thornton,MacCracken,tmaccrackencn@reddit.com,V02
457,Whitaker,Ridsdell,wridsdellco@chicagotribune.com,H02
458,Dennie,Gaythorpe,dgaythorpecp@miitbeian.gov.cn,V02
459,Nathanael,Pierson,npiersoncq@narod.ru,V02
460,Shelden,Lanahan,slanahancr@dedecms.com,002
461,Sylvester,Trazzi,strazzics@squarespace.com,H02
462,Liva,Shortell,lshortellct@trellian.com,V02
463,Jamie,Pasmore,jpasmorecu@va.gov,H02
464,Jilleen,Lingard,jlingardcv@nationalgeographic.com,H02
465,Kristi,Pellissier,kpellissiercw@example.com,H02
466,Ilise,Mackro,imackrocx@state.tx.us,H02
467,Geri,Hazelhurst,ghazelhurstcy@icq.com,H02
468,Nanine,Colcutt,ncolcuttcz@infoseek.co.jp,V02
469,Enid,Gosdin,egosdind0@bing.com,002
470,Von,Ravens,vravensd1@ucoz.ru,002
471,Josi,Pinkney,jpinkneyd2@google.pl,002
472,Cad,Roof,croofd3@utexas.edu,H02
473,Humfrey,Atkins,hatkinsd4@ted.com,V02
474,Brandon,Woolland,bwoollandd5@acquirethisname.com,002
475,Antony,Lynnett,alynnettd6@chronoengine.com,H02
476,Freddie,Kirtlan,fkirtland7@ehow.com,002
477,Ky,Jachimak,kjachimakd8@fema.gov,H02
478,Gusella,Garnham,ggarnhamd9@reference.com,V02
479,Marlie,Martonfi,mmartonfida@loc.gov,H02
480,Lucia,Goodge,lgoodgedb@discovery.com,002
481,Rafaellle,Wasielewski,rwasielewskidc@about.com,V02
482,Elijah,Brimelow,ebrimelowdd@weibo.com,H02
483,Katlin,Mackelworth,kmackelworthde@unblog.fr,H02
484,Valry,Habbijam,vhabbijamdf@amazon.com,002
485,Rustie,Lazare,rlazaredg@joomla.org,002
486,Nap,Cantle,ncantledh@slideshare.net,H02
487,Franny,Halpine,fhalpinedi@icq.com,V02
488,Ber,Goter,bgoterdj@github.io,H02
489,Fritz,McQuaid,fmcquaiddk@cargocollective.com,H02
490,Vally,Spaducci,vspaduccidl@typepad.com,V02
491,Kurt,Shakspeare,kshakspearedm@thetimes.co.uk,H02
492,Charyl,Wyleman,cwylemandn@1und1.de,002
493,Kurt,Earwaker,kearwakerdo@paginegialle.it,V02
494,Lynne,Cluse,lclusedp@is.gd,H02
495,Kayla,Sandeland,ksandelanddq@goodreads.com,V02
496,Anton,Lilion,aliliondr@dell.com,V02
497,Ruggiero,Fullbrook,rfullbrookds@timesonline.co.uk,002
498,Denys,Ireson,diresondt@cnbc.com,002
499,Kyrstin,Eglington,keglingtondu@instagram.com,H02
500,Ddene,Scampion,dscampiondv@networksolutions.com,002
501,Carrol,Havelin,chavelindw@miitbeian.gov.cn,V02
502,Marv,Cotesford,mcotesforddx@stanford.edu,002
503,Adi,Kilbourne,akilbournedy@quantcast.com,H02
504,Constantia,Caird,ccairddz@trellian.com,002
505,Allina,Burgyn,aburgyne0@earthlink.net,V02
506,Georgie,Scogin,gscogine1@bloglines.com,V02
507,Anatollo,Binfield,abinfielde2@theguardian.com,V02
508,Sven,Terrelly,sterrellye3@ed.gov,002
509,Pennie,Tolwood,ptolwoode4@accuweather.com,002
510,Garwin,Lugton,glugtone5@ebay.com,V02
511,Julio,Do,jdoe6@constantcontact.com,H02
512,Gavin,Rawcliffe,grawcliffee7@myspace.com,002
513,Beulah,Springate,bspringatee8@ucoz.ru,002
514,Lind,Clutterbuck,lclutterbucke9@wordpress.com,002
515,Florida,Ivachyov,fivachyovea@csmonitor.com,H02
516,Joellyn,Peeter,jpeetereb@epa.gov,H02
517,Aveline,Anders,aandersec@intel.com,002
518,Chucho,Childe,cchildeed@de.vu,002
519,Rachel,Chasen,rchasenee@tinypic.com,H02
520,Michelina,Extall,mextallef@jiathis.com,V02
521,Jaye,Canti,jcantieg@economist.com,V02
522,Lindy,Benesevich,lbenesevicheh@ft.com,V02
523,Ainsley,Paulitschke,apaulitschkeei@addtoany.com,H02
524,Hoyt,Kaser,hkaserej@behance.net,H02
525,Maurine,Pendergast,mpendergastek@netlog.com,V02
526,Laetitia,Eisak,leisakel@cafepress.com,002
527,Stephanus,Kopelman,skopelmanem@hp.com,002
528,Sergio,Garham,sgarhamen@storify.com,V02
529,Rubetta,Luttger,rluttgereo@last.fm,V02
530,Delcine,Frazer,dfrazerep@constantcontact.com,002
531,Jourdan,Coronas,jcoronaseq@yahoo.co.jp,H02
532,Etty,Rousel,erouseler@mail.ru,V02
533,Mitzi,Davinet,mdavinetes@psu.edu,V02
534,Chery,McKeowon,cmckeowonet@auda.org.au,V02
535,Iorgos,Audus,iauduseu@xrea.com,V02
536,Cathie,Brandli,cbrandliev@state.gov,V02
537,Odella,Abernethy,oabernethyew@addthis.com,002
538,Tore,Dener,tdenerex@hugedomains.com,002
539,Tabb,Hayzer,thayzerey@gov.uk,002
540,Hildegarde,Tight,htightez@imageshack.us,H02
541,Ulrika,Cant,ucantf0@1und1.de,V02
542,Patrizia,Povele,ppovelef1@wikimedia.org,H02
543,Jaynell,Tanman,jtanmanf2@1und1.de,H02
544,Jaimie,Sartin,jsartinf3@mediafire.com,H02
545,Orsa,MacIlraith,omacilraithf4@hc360.com,V02
546,Nicolis,Mattiacci,nmattiaccif5@ustream.tv,H02
547,Johnny,Ramsier,jramsierf6@accuweather.com,H02
548,Ronnica,Farnorth,rfarnorthf7@lycos.com,V02
549,Trip,Sjollema,tsjollemaf8@histats.com,H02
550,Etan,Elsley,eelsleyf9@phpbb.com,H02
551,Adolf,Struss,astrussfa@independent.co.uk,002
552,Viv,Scrivin,vscrivinfb@omniture.com,H02
553,Donall,Spawforth,dspawforthfc@1688.com,V02
554,Jenda,Birdwistle,jbirdwistlefd@hhs.gov,V02
555,Chantalle,Wotherspoon,cwotherspoonfe@usgs.gov,V02
556,Marietta,Beakes,mbeakesff@aboutads.info,H02
557,Marci,Peet,mpeetfg@webnode.com,H02
558,Graehme,Girodin,ggirodinfh@surveymonkey.com,V02
559,Cyndy,Wix,cwixfi@smugmug.com,V02
560,Lisle,Brookzie,lbrookziefj@spotify.com,V02
561,Goraud,Moxted,gmoxtedfk@ebay.co.uk,H02
562,Conny,Leek,cleekfl@friendfeed.com,V02
563,Melodie,Falco,mfalcofm@toplist.cz,H02
564,Gert,Midghall,gmidghallfn@ovh.net,002
565,Maxy,Harly,mharlyfo@dot.gov,002
566,Geordie,Bishopp,gbishoppfp@nymag.com,V02
567,Katee,Vasilchikov,kvasilchikovfq@over-blog.com,H02
568,Nickolai,Cammis,ncammisfr@diigo.com,V02
569,Roseanna,Scurfield,rscurfieldfs@tamu.edu,V02
570,Guenevere,O'Rudden,goruddenft@paginegialle.it,H02
571,Wallache,Allinson,wallinsonfu@ameblo.jp,002
572,Waldon,Oliphard,woliphardfv@about.com,H02
573,Shirleen,Tebbet,stebbetfw@dell.com,002
574,Delaney,Beeston,dbeestonfx@parallels.com,H02
575,Karlie,Hagergham,khagerghamfy@odnoklassniki.ru,002
576,Diahann,Chubb,dchubbfz@ebay.co.uk,H02
577,Fiann,Loram,floramg0@scribd.com,002
578,Arny,Sever,aseverg1@zdnet.com,V02
579,Glori,Fursland,gfurslandg2@rediff.com,V02
580,Cordey,Alan,calang3@businesswire.com,002
581,Birgitta,Poor,bpoorg4@craigslist.org,V02
582,Adelbert,Evensden,aevensdeng5@google.com.br,V02
583,Del,Adicot,dadicotg6@unicef.org,H02
584,Virgie,Cutting,vcuttingg7@seattletimes.com,V02
585,Wildon,Littefair,wlittefairg8@independent.co.uk,V02
586,Jolee,Barnett,jbarnettg9@angelfire.com,H02
587,Virginia,Rex,vrexga@shutterfly.com,002
588,Onfroi,Paradine,oparadinegb@sourceforge.net,H02
589,Julius,Succamore,jsuccamoregc@bing.com,002
590,Dolf,Falloon,dfalloongd@smh.com.au,H02
591,Barnard,Tether,btetherge@qq.com,H02
592,Amabel,Robeson,arobesongf@addthis.com,002
593,Hali,Mayfield,hmayfieldgg@irs.gov,002
594,Risa,Munton,rmuntongh@smugmug.com,002
595,Johanna,Rhodus,jrhodusgi@hibu.com,V02
596,Bobbette,Brion,bbriongj@live.com,H02
597,Ozzy,Chattaway,ochattawaygk@statcounter.com,V02
598,Moira,Pitkeathly,mpitkeathlygl@sina.com.cn,002
599,Mechelle,Sillis,msillisgm@intel.com,V02
600,Nissie,Tetford,ntetfordgn@de.vu,V02
601,Rosette,Willicott,rwillicottgo@weather.com,H02
602,Melisent,Parkes,mparkesgp@linkedin.com,V02
603,Modestia,Irons,mironsgq@economist.com,V02
604,Ram,Sarll,rsarllgr@skyrock.com,002
605,Allyn,Bassano,abassanogs@behance.net,V02
606,Ewan,Arnaudi,earnaudigt@blog.com,V02
607,Desi,Cometson,dcometsongu@globo.com,V02
608,Vernen,Risby,vrisbygv@dmoz.org,H02
609,Doris,Measey,dmeaseygw@wikispaces.com,V02
610,Janeva,Callingham,jcallinghamgx@sourceforge.net,H02
611,Oralle,Camilleri,ocamillerigy@last.fm,H02
612,Gabriella,Marre,gmarregz@nydailynews.com,V02
613,Horacio,Portsmouth,hportsmouthh0@zimbio.com,V02
614,Dagny,Greenaway,dgreenawayh1@skyrock.com,V02
615,Lida,Mongin,lmonginh2@simplemachines.org,V02
616,Minny,Label,mlabelh3@huffingtonpost.com,V02
617,Ansel,Ezele,aezeleh4@baidu.com,002
618,Lauritz,Nugent,lnugenth5@gnu.org,H02
619,Agna,Tipton,atiptonh6@cmu.edu,002
620,Dori,Hastwell,dhastwellh7@blogtalkradio.com,V02
621,Bax,Antat,bantath8@woothemes.com,H02
622,Meir,Coleman,mcolemanh9@youku.com,H02
623,Wilburt,Hattigan,whattiganha@gizmodo.com,H02
624,Corissa,Spellecy,cspellecyhb@homestead.com,V02
625,Boy,Chiles,bchileshc@printfriendly.com,H02
626,Talya,Ramplee,trampleehd@yelp.com,002
627,Mickie,Sebright,msebrighthe@utexas.edu,002
628,Marcelia,Lackinton,mlackintonhf@github.com,V02
629,Mick,Stanmer,mstanmerhg@deliciousdays.com,002
630,Trstram,Millership,tmillershiphh@patch.com,002
631,Conney,Fenton,cfentonhi@spiegel.de,H02
632,Sullivan,Baudic,sbaudichj@apple.com,H02
633,Beilul,Tinline,btinlinehk@soundcloud.com,H02
634,Terrill,Thompstone,tthompstonehl@spiegel.de,V02
635,Basilius,Hardan,bhardanhm@microsoft.com,002
636,Kizzie,Fargie,kfargiehn@mayoclinic.com,002
637,Glenna,Kerbey,gkerbeyho@flickr.com,V02
638,Daveta,Keates,dkeateshp@meetup.com,V02
639,Gerry,Jezzard,gjezzardhq@jalbum.net,H02
640,Kalila,Cassels,kcasselshr@slate.com,002
641,Giselbert,Greasty,ggreastyhs@nymag.com,H02
642,Monty,Ogbourne,mogbourneht@google.nl,V02
643,Matthew,Tollmache,mtollmachehu@elegantthemes.com,H02
644,Hobart,Kennsley,hkennsleyhv@hud.gov,V02
645,Gaspar,MacGillreich,gmacgillreichhw@quantcast.com,V02
646,Giordano,Whartonby,gwhartonbyhx@alexa.com,002
647,Lombard,Server,lserverhy@china.com.cn,V02
648,Izzy,Purslow,ipurslowhz@so-net.ne.jp,V02
649,Bren,Lotte,blottei0@ft.com,V02
650,Vinita,Dadge,vdadgei1@creativecommons.org,V02
651,Ludovico,Pischof,lpischofi2@linkedin.com,H02
652,Alley,Lightbourn,alightbourni3@gizmodo.com,V02
653,Arlina,Romagosa,aromagosai4@va.gov,V02
654,Adella,Devita,adevitai5@oakley.com,V02
655,Reginald,Wellington,rwellingtoni6@bigcartel.com,H02
656,Maximilianus,Gauford,mgaufordi7@naver.com,H02
657,Lutero,Duncklee,ldunckleei8@ycombinator.com,H02
658,Zandra,Josland,zjoslandi9@alibaba.com,V02
659,Orella,Kose,okoseia@ning.com,002
660,Rebeca,Jeanequin,rjeanequinib@exblog.jp,V02
661,Evelyn,Dory,edoryic@stumbleupon.com,H02
662,Bailie,Di Nisco,bdiniscoid@vk.com,002
663,Faulkner,Blyde,fblydeie@arstechnica.com,H02
664,Amalia,Alastair,aalastairif@artisteer.com,H02
665,Bard,Joddins,bjoddinsig@yale.edu,002
666,Karlotta,Nafziger,knafzigerih@cmu.edu,002
667,Kathlin,Klesel,kkleselii@123-reg.co.uk,H02
668,Ralph,Briskey,rbriskeyij@deviantart.com,H02
669,Mata,Chitson,mchitsonik@prlog.org,H02
670,Iolanthe,Cookes,icookesil@illinois.edu,002
671,Roanne,Frye,rfryeim@chicagotribune.com,002
672,Davidson,Hegley,dhegleyin@issuu.com,V02
673,Chicky,Shorte,cshorteio@yolasite.com,002
674,Gerek,Tyrwhitt,gtyrwhittip@salon.com,V02
675,Drew,Beeden,dbeedeniq@dell.com,V02
676,Wendi,Gommowe,wgommoweir@amazon.com,V02
677,Alyse,Raittie,araittieis@adobe.com,002
678,Virginia,Greenham,vgreenhamit@amazon.de,H02
679,Melesa,Winscomb,mwinscombiu@angelfire.com,002
680,Adelheid,Barday,abardayiv@uol.com.br,002
681,Griz,Ralestone,gralestoneiw@istockphoto.com,V02
682,Bernie,Gabbatiss,bgabbatissix@ucsd.edu,H02
683,Saul,Greenleaf,sgreenleafiy@indiatimes.com,V02
684,Vic,Shackleford,vshacklefordiz@answers.com,H02
685,Sandie,Malcolmson,smalcolmsonj0@aboutads.info,V02
686,Laural,Blondell,lblondellj1@seesaa.net,002
687,Mireille,Behn,mbehnj2@csmonitor.com,002
688,Camel,Goulder,cgoulderj3@cloudflare.com,V02
689,Lolly,La Rosa,llarosaj4@xing.com,H02
690,Sharla,Rapier,srapierj5@mapquest.com,H02
691,Kacie,Breit,kbreitj6@godaddy.com,002
692,Johnath,Lambourne,jlambournej7@multiply.com,002
693,Merrielle,Arton,martonj8@sciencedirect.com,H02
694,Brook,Royden,broydenj9@sbwire.com,V02
695,Tracy,Quilter,tquilterja@dailymotion.com,H02
696,Olimpia,Pasterfield,opasterfieldjb@cocolog-nifty.com,V02
697,Kattie,Tombleson,ktomblesonjc@feedburner.com,H02
698,Udell,Beedle,ubeedlejd@infoseek.co.jp,V02
699,Ede,Cavozzi,ecavozzije@nymag.com,002
700,Heindrick,Yaldren,hyaldrenjf@washingtonpost.com,V02
701,Elyse,Willder,ewillderjg@smh.com.au,H02
702,Minda,Goldster,mgoldsterjh@hc360.com,002
703,Gasper,Croisier,gcroisierji@exblog.jp,V02
704,Tobiah,Capstaff,tcapstaffjj@time.com,002
705,Pennie,Gamon,pgamonjk@hud.gov,002
706,Neila,Hawarden,nhawardenjl@digg.com,V02
707,Randi,Twigger,rtwiggerjm@weebly.com,002
708,Christophorus,Volke,cvolkejn@umn.edu,V02
709,Prinz,Simo,psimojo@boston.com,V02
710,Levi,Chieze,lchiezejp@pen.io,V02
711,Candida,Eickhoff,ceickhoffjq@wordpress.org,V02
712,Oriana,Gunney,ogunneyjr@berkeley.edu,H02
713,Janene,Knolles-Green,jknollesgreenjs@photobucket.com,H02
714,Lenore,Grishankov,lgrishankovjt@mail.ru,H02
715,Beverly,Levine,blevineju@nytimes.com,V02
716,Tynan,Winstone,twinstonejv@dailymotion.com,002
717,Dewitt,Wilsdon,dwilsdonjw@senate.gov,H02
718,Nada,Rubega,nrubegajx@shinystat.com,H02
719,Bambie,Leyzell,bleyzelljy@vimeo.com,V02
720,Ugo,Scarman,uscarmanjz@over-blog.com,H02
721,Bathsheba,Dennington,bdenningtonk0@topsy.com,V02
722,Clerissa,Jakucewicz,cjakucewiczk1@freewebs.com,002
723,Ginnie,Courtman,gcourtmank2@nasa.gov,V02
724,Blake,Bruckner,bbrucknerk3@wufoo.com,V02
725,Blondie,Swinbourne,bswinbournek4@blog.com,002
726,Griff,Wanley,gwanleyk5@topsy.com,002
727,Shalna,Pyer,spyerk6@furl.net,002
728,Kynthia,Geillier,kgeillierk7@ed.gov,H02
729,Alain,Ipsgrave,aipsgravek8@umich.edu,V02
730,Boone,Jamrowicz,bjamrowiczk9@storify.com,V02
731,Nannette,Brito,nbritoka@unicef.org,V02
732,Lissy,Harrap,lharrapkb@free.fr,H02
733,Olimpia,Ledgister,oledgisterkc@mac.com,002
734,Galina,Artindale,gartindalekd@shutterfly.com,002
735,Bettina,Briggs,bbriggske@kickstarter.com,V02
736,Murray,Itzik,mitzikkf@prnewswire.com,002
737,Katalin,Dearle,kdearlekg@salon.com,002
738,Erinna,Quesne,equesnekh@smugmug.com,002
739,Son,Blakely,sblakelyki@ox.ac.uk,002
740,Abbie,Middleweek,amiddleweekkj@feedburner.com,002
741,Thor,MacIlriach,tmacilriachkk@amazon.com,V02
742,Filide,Spragge,fspraggekl@cpanel.net,002
743,Corena,Edney,cedneykm@friendfeed.com,002
744,Jaymie,Poacher,jpoacherkn@slideshare.net,H02
745,Lanette,MacIntyre,lmacintyreko@state.tx.us,H02
746,Simone,Rulten,srultenkp@yolasite.com,H02
747,Minta,Elgood,melgoodkq@geocities.com,002
748,Aldo,Conradsen,aconradsenkr@comsenz.com,H02
749,Aindrea,Piner,apinerks@com.com,002
750,Chicky,Avrasin,cavrasinkt@soundcloud.com,002
751,Dagmar,Dennistoun,ddennistounku@free.fr,002
752,Gratia,Willatts,gwillattskv@indiegogo.com,V02
753,Rebekkah,Rosenwasser,rrosenwasserkw@wp.com,H02
754,Cilka,Buie,cbuiekx@hexun.com,002
755,Angie,Castangia,acastangiaky@ovh.net,002
756,Maryanne,Manterfield,mmanterfieldkz@msu.edu,H02
757,Cayla,Zebedee,czebedeel0@wisc.edu,V02
758,Lenna,Wormstone,lwormstonel1@sitemeter.com,002
759,Barn,Thibodeaux,bthibodeauxl2@upenn.edu,002
760,Angela,Barbrick,abarbrickl3@microsoft.com,002
761,Katerina,Toulch,ktoulchl4@bizjournals.com,V02
762,Wallie,Manville,wmanvillel5@chronoengine.com,V02
763,Crysta,Dubock,cdubockl6@theatlantic.com,V02
764,Reyna,Holdey,rholdeyl7@feedburner.com,002
765,Lek,Chellenham,lchellenhaml8@amazonaws.com,002
766,Hermann,Sex,hsexl9@apple.com,H02
767,Rosalinde,Mainwaring,rmainwaringla@ocn.ne.jp,002
768,Anett,Abelson,aabelsonlb@exblog.jp,V02
769,Ninetta,Batisse,nbatisselc@163.com,V02
770,Spencer,Grammer,sgrammerld@cbsnews.com,V02
771,Joelle,Woolhouse,jwoolhousele@un.org,H02
772,Jim,Leadley,jleadleylf@smugmug.com,002
773,Julianne,Crilley,jcrilleylg@mapquest.com,H02
774,Nonnah,Lewin,nlewinlh@flavors.me,H02
775,Pip,Kuschel,pkuschelli@sphinn.com,V02
776,Binni,Dressell,bdresselllj@homestead.com,H02
777,Rodrick,Dellenbrok,rdellenbroklk@technorati.com,H02
778,Dedie,Fundell,dfundellll@ed.gov,V02
779,Lyell,Gatland,lgatlandlm@pbs.org,002
780,Mellisent,Ruller,mrullerln@cloudflare.com,V02
781,Layton,Orton,lortonlo@xinhuanet.com,002
782,Gusta,Newtown,gnewtownlp@bravesites.com,H02
783,Sergei,Hamel,shamellq@artisteer.com,V02
784,Eryn,Gambell,egambelllr@com.com,002
785,Mil,Spanton,mspantonls@amazon.com,V02
786,Aindrea,Bremner,abremnerlt@ucoz.com,002
787,Kristos,Dominelli,kdominellilu@uol.com.br,002
788,Karl,Duffin,kduffinlv@nbcnews.com,H02
789,Andriette,Slaughter,aslaughterlw@github.com,002
790,Collin,Presland,cpreslandlx@plala.or.jp,H02
791,Samuele,McAlester,smcalesterly@rediff.com,V02
792,Oralee,Saintpierre,osaintpierrelz@skyrock.com,V02
793,Aileen,Surman-Wells,asurmanwellsm0@ning.com,V02
794,Curtice,Ateridge,cateridgem1@spotify.com,002
795,Niall,Waby,nwabym2@engadget.com,V02
796,Ludovico,Danielian,ldanielianm3@moonfruit.com,H02
797,Olivette,Cheverell,ocheverellm4@kickstarter.com,002
798,Alfonse,McKinlay,amckinlaym5@diigo.com,002
799,Rochella,Nelm,rnelmm6@latimes.com,V02
800,Elspeth,Michieli,emichielim7@yahoo.co.jp,V02
801,Reamonn,Cowpland,rcowplandm8@fc2.com,V02
802,Bianka,Celler,bcellerm9@seesaa.net,V02
803,Kip,Bootland,kbootlandma@zimbio.com,V02
804,Lucienne,Dymocke,ldymockemb@globo.com,V02
805,Alverta,Mattessen,amattessenmc@vkontakte.ru,H02
806,Luca,Oxenden,loxendenmd@aboutads.info,H02
807,Hermann,Clee,hcleeme@craigslist.org,002
808,Aldridge,Elsdon,aelsdonmf@ft.com,V02
809,Dani,Reimer,dreimermg@intel.com,002
810,Dyann,Sallowaye,dsallowayemh@narod.ru,V02
811,Prissie,Grabham,pgrabhammi@cocolog-nifty.com,V02
812,Nicoline,Matthieson,nmatthiesonmj@arstechnica.com,H02
813,Bobbye,Gray,bgraymk@businessinsider.com,002
814,Selma,Kneafsey,skneafseyml@google.co.jp,H02
815,Tillie,Ayer,tayermm@google.de,H02
816,Andres,Kave,akavemn@opera.com,V02
817,Gilly,Bastistini,gbastistinimo@comcast.net,002
818,Catherine,Micklem,cmicklemmp@feedburner.com,002
819,Harrie,Gladhill,hgladhillmq@paypal.com,H02
820,Theresa,Fattorini,tfattorinimr@a8.net,H02
821,Judye,Aim,jaimms@globo.com,002
822,Melinda,Leathe,mleathemt@parallels.com,H02
823,Lissy,Revey,lreveymu@squarespace.com,H02
824,Cosme,Jose,cjosemv@fc2.com,002
825,Rickard,Enoch,renochmw@mysql.com,V02
826,Marlo,Redler,mredlermx@soundcloud.com,002
827,Sayre,Ackwood,sackwoodmy@bigcartel.com,V02
828,Gerti,Frayn,gfraynmz@shutterfly.com,H02
829,Rube,De Mico,rdemicon0@cbc.ca,V02
830,Melisenda,Hayball,mhayballn1@skype.com,002
831,Wheeler,Storah,wstorahn2@skype.com,002
832,Raynor,de Wilde,rdewilden3@jiathis.com,V02
833,Ralf,Caldeyroux,rcaldeyrouxn4@behance.net,V02
834,Ad,Job,ajobn5@pinterest.com,002
835,Nealson,Johnston,njohnstonn6@gnu.org,H02
836,Wiatt,Glandon,wglandonn7@ezinearticles.com,002
837,Renata,Veldstra,rveldstran8@live.com,V02
838,Kizzie,Sprankling,kspranklingn9@phoca.cz,002
839,Ally,MacGahey,amacgaheyna@google.com.br,002
840,Astrid,Chauvey,achauveynb@sogou.com,002
841,Ula,Valance,uvalancenc@vistaprint.com,002
842,Coreen,Fawltey,cfawlteynd@prnewswire.com,V02
843,Jermaine,Rantoull,jrantoullne@shutterfly.com,H02
844,Martie,Coultass,mcoultassnf@businessinsider.com,H02
845,Sigrid,Larwell,slarwellng@chicagotribune.com,H02
846,Lothaire,Faloon,lfaloonnh@dailymail.co.uk,V02
847,Jemima,Cathenod,jcathenodni@photobucket.com,V02
848,Cass,McCrone,cmccronenj@va.gov,H02
849,Shelby,Gager,sgagernk@dmoz.org,V02
850,Darsie,Jaksic,djaksicnl@dell.com,V02
851,Brigida,Ishchenko,bishchenkonm@google.co.uk,V02
852,Selby,Lissandre,slissandrenn@amazon.co.uk,002
853,Tedra,Beeho,tbeehono@ning.com,002
854,Paulie,Willmont,pwillmontnp@miibeian.gov.cn,V02
855,Keslie,Jinda,kjindanq@irs.gov,002
856,Derick,Millward,dmillwardnr@cbc.ca,002
857,Dion,Croster,dcrosterns@4shared.com,H02
858,Honor,Schutt,hschuttnt@sciencedirect.com,V02
859,Thekla,Shilito,tshilitonu@prweb.com,H02
860,Yuma,Vaggs,yvaggsnv@apache.org,H02
861,Dannie,Purves,dpurvesnw@hatena.ne.jp,H02
862,Malissia,Hatliffe,mhatliffenx@ucoz.com,002
863,Hettie,Ragsdall,hragsdallny@wunderground.com,H02
864,Fannie,Espadero,fespaderonz@dailymotion.com,V02
865,Alejandra,McKay,amckayo0@google.co.uk,V02
866,Morten,Bannister,mbannistero1@imgur.com,H02
867,Trever,Mealand,tmealando2@clickbank.net,H02
868,Charlene,Wintour,cwintouro3@gov.uk,H02
869,Bond,Pierucci,bpieruccio4@simplemachines.org,V02
870,Karoly,Tooby,ktoobyo5@blog.com,V02
871,Orv,Wardale,owardaleo6@ocn.ne.jp,H02
872,Samara,O' Hogan,sohogano7@google.pl,H02
873,Godfrey,Blinder,gblindero8@canalblog.com,002
874,Gwynne,McKeveney,gmckeveneyo9@ebay.co.uk,V02
875,Jermain,Beever,jbeeveroa@google.com.br,002
876,Anastasie,Collabine,acollabineob@unblog.fr,002
877,Mozes,Stuehmeier,mstuehmeieroc@jugem.jp,002
878,Antonia,Bruty,abrutyod@smugmug.com,H02
879,Siobhan,Reynoldson,sreynoldsonoe@mapquest.com,H02
880,Shep,O'Cahsedy,socahsedyof@state.tx.us,002
881,Arte,Le Count,alecountog@last.fm,H02
882,Thelma,McKelvie,tmckelvieoh@jigsy.com,V02
883,Brenn,Sarsons,bsarsonsoi@hao123.com,V02
884,Simone,McMurthy,smcmurthyoj@nature.com,H02
885,Adolpho,Andrichuk,aandrichukok@slideshare.net,H02
886,Smith,Gozard,sgozardol@time.com,002
887,Stanwood,Serjeantson,sserjeantsonom@joomla.org,002
888,Vinson,Daenen,vdaenenon@zimbio.com,V02
889,Rosabel,Heeron,rheeronoo@noaa.gov,002
890,Brand,Stealfox,bstealfoxop@sciencedaily.com,002
891,Janaye,McConnal,jmcconnaloq@un.org,V02
892,Judas,Worner,jworneror@ftc.gov,002
893,Elna,Hadrill,ehadrillos@japanpost.jp,002
894,Ban,Romi,bromiot@drupal.org,002
895,Charmian,Dettmar,cdettmarou@issuu.com,002
896,Dani,Lake,dlakeov@vk.com,V02
897,Stacee,Larway,slarwayow@nature.com,V02
898,Anatole,Edelston,aedelstonox@ucoz.ru,V02
899,Jimmie,O'Canavan,jocanavanoy@oaic.gov.au,002
900,Elenore,Andries,eandriesoz@dot.gov,002
901,Belita,Whithorn,bwhithornp0@deviantart.com,V02
902,Sile,Guilaem,sguilaemp1@nba.com,002
903,Alison,Matthai,amatthaip2@globo.com,H02
904,Merrielle,Naptin,mnaptinp3@list-manage.com,002
905,Scottie,Touhig,stouhigp4@studiopress.com,H02
906,Petronella,Dyott,pdyottp5@tinypic.com,V02
907,Brig,Jouannot,bjouannotp6@sciencedaily.com,002
908,Noel,Drakes,ndrakesp7@smh.com.au,H02
909,Jeannine,Chastang,jchastangp8@mayoclinic.com,V02
910,Sheeree,Jephcott,sjephcottp9@mail.ru,V02
911,Cooper,Rosenthaler,crosenthalerpa@ezinearticles.com,002
912,Ford,Chantrell,fchantrellpb@devhub.com,H02
913,Cathie,Debold,cdeboldpc@sitemeter.com,002
914,Tobi,Spedding,tspeddingpd@facebook.com,002
915,Rod,Shuker,rshukerpe@home.pl,002
916,Ollie,Ivanilov,oivanilovpf@hp.com,002
917,Georgie,Hattigan,ghattiganpg@artisteer.com,H02
918,Papageno,Gillingham,pgillinghamph@nbcnews.com,002
919,Carrissa,Fogarty,cfogartypi@odnoklassniki.ru,H02
920,Robinet,Naldrett,rnaldrettpj@macromedia.com,V02
921,Eliot,Handyside,ehandysidepk@weather.com,002
922,Honey,O'Sheerin,hosheerinpl@ocn.ne.jp,V02
923,Jerrold,Cane,jcanepm@rambler.ru,H02
924,Frank,Wolfindale,fwolfindalepn@ezinearticles.com,V02
925,Kirsteni,Aberchirder,kaberchirderpo@technorati.com,002
926,Ebony,Chittim,echittimpp@reference.com,H02
927,Eunice,Blood,ebloodpq@bloglovin.com,002
928,Gennifer,Kerins,gkerinspr@cbslocal.com,H02
929,Enos,Brass,ebrassps@un.org,002
930,Carolin,Need,cneedpt@cyberchimps.com,002
931,Ulick,Charpling,ucharplingpu@wired.com,V02
932,Mattheus,Omond,momondpv@goodreads.com,H02
933,Davie,Sabatini,dsabatinipw@woothemes.com,V02
934,Ethyl,Koomar,ekoomarpx@dailymotion.com,002
935,Gayle,Minchi,gminchipy@instagram.com,V02
936,Hans,Kolodziej,hkolodziejpz@uol.com.br,V02
937,Olivia,Whitwam,owhitwamq0@furl.net,V02
938,Laural,Noseworthy,lnoseworthyq1@amazonaws.com,002
939,Cathyleen,Forrester,cforresterq2@hibu.com,V02
940,Alvera,MacAllester,amacallesterq3@imageshack.us,002
941,Brigitta,Wyman,bwymanq4@mayoclinic.com,H02
942,Michaela,McGill,mmcgillq5@scientificamerican.com,H02
943,Nevsa,Bean,nbeanq6@nasa.gov,V02
944,Latrina,Floweth,lflowethq7@e-recht24.de,H02
945,Garvin,Castanares,gcastanaresq8@wikimedia.org,V02
946,Anders,Luckey,aluckeyq9@sciencedaily.com,H02
947,Joshia,MacKessock,jmackessockqa@163.com,002
948,Kristoffer,Eglaise,keglaiseqb@webnode.com,V02
949,Quill,Gomby,qgombyqc@cnbc.com,002
950,Frieda,Straine,fstraineqd@nymag.com,H02
951,Jessi,De Few,jdefewqe@washington.edu,002
952,Ari,Britt,abrittqf@vistaprint.com,V02
953,Worthy,Rowth,wrowthqg@storify.com,H02
954,Eartha,Grangier,egrangierqh@un.org,002
955,Berkeley,Swalwel,bswalwelqi@census.gov,002
956,Shepherd,Legging,sleggingqj@google.co.uk,002
957,Olia,Headland,oheadlandqk@ted.com,002
958,Flo,Deetlefs,fdeetlefsql@nsw.gov.au,002
959,Audrye,O'Breen,aobreenqm@jimdo.com,H02
960,Zed,Rowth,zrowthqn@paginegialle.it,H02
961,Andrey,Drivers,adriversqo@dmoz.org,002
962,Bryana,Heugh,bheughqp@mozilla.org,H02
963,Winni,Lomasny,wlomasnyqq@ameblo.jp,V02
964,Mariya,Woolley,mwoolleyqr@utexas.edu,H02
965,Hube,Linsley,hlinsleyqs@wordpress.com,002
966,Alister,Vannah,avannahqt@youku.com,V02
967,Shaylah,Yanshin,syanshinqu@flavors.me,H02
968,Ranique,Budgeon,rbudgeonqv@cbc.ca,V02
969,Becka,Malley,bmalleyqw@cmu.edu,H02
970,Eamon,Happer,ehapperqx@mail.ru,002
971,Bordy,Issac,bissacqy@clickbank.net,V02
972,Myrtle,Armin,marminqz@issuu.com,H02
973,Libbie,Gibbens,lgibbensr0@census.gov,V02
974,Rafa,Dunsmore,rdunsmorer1@oakley.com,V02
975,Daron,Thirlaway,dthirlawayr2@berkeley.edu,V02
976,Jimmy,Spada,jspadar3@twitter.com,002
977,Fitz,Cockarill,fcockarillr4@friendfeed.com,H02
978,Arielle,Wellbelove,awellbelover5@t.co,H02
979,Carri,Nicklinson,cnicklinsonr6@example.com,002
980,Win,Marshallsay,wmarshallsayr7@ox.ac.uk,V02
981,Chip,Jinkins,cjinkinsr8@kickstarter.com,V02
982,Gussi,Weaving,gweavingr9@de.vu,002
983,Petr,Doles,pdolesra@shutterfly.com,002
984,Bess,Wreak,bwreakrb@oracle.com,V02
985,Lilah,Tolliday,ltollidayrc@imdb.com,V02
986,Valdemar,Stobbs,vstobbsrd@blogtalkradio.com,V02
987,Daria,Beddo,dbeddore@youtu.be,002
988,Nowell,Matfin,nmatfinrf@blogger.com,V02
989,Benito,Bergeau,bbergeaurg@chronoengine.com,002
990,D'arcy,Knightly,dknightlyrh@mail.ru,002
991,Noreen,Colerick,ncolerickri@booking.com,H02
992,Ellerey,Kinchington,ekinchingtonrj@smh.com.au,H02
993,Edvard,Younghusband,eyounghusbandrk@unicef.org,V02
994,Korrie,Clackson,kclacksonrl@patch.com,V02
995,Madelle,Demke,mdemkerm@g.co,002
996,Sebastiano,McCaskill,smccaskillrn@sun.com,V02
997,Wallas,Benedetti,wbenedettiro@mit.edu,002
998,Wes,Flieger,wfliegerrp@narod.ru,H02
999,Ninetta,Gentile,ngentilerq@ca.gov,V02
1000,Paddy,Bootton,pboottonrr@dailymail.co.uk,V02
